id,year,city,name,county,fips,loans,ussec,othsec,cchdufrm,otherassets,assets,assets_check,diffA,capital,surpro,profits,totdep,circulation,billsred,otherliabs,liabs_check,diffL
1002,1933,addison,first,Steuben,36101,464744,70509,244010,78913,45279,903455,903455,0,50000,50000,33258,688022,49400,30000,2775,903455,0
1003,1933,afton,first,Chenango,36017,361264,39691,232029,77523,25576,736083,736083,0,25000,20000,9214,656831,25000,0,38,736083,0
1004,1933,albany,national commercial bank and tc,Albany,36001,19462895,13461000,16294190,10985130,1545517,61748732,61748732,0,1500000,4000000,1284876,53295815,1500000,0,168041,61748732,0
1005,1933,albany,new york state,Albany,36001,14810035,17858143,17546722,8034428,851582,59100910,59100910,0,2000000,2000000,569453,52322099,2000000,0,209358,59100910,0
1008,1933,allegany,first,Cattaraugus,36009,446585,25000,85365,63456,22041,642447,642447,0,50000,35000,9279,495168,25000,28000,0,642447,0
1009,1933,altamont,first,Albany,36001,77564,74469,112437,108842,10892,384224,384224,0,25000,24916,0,309378,24800,0,130,384224,0
1010,1933,amenia,first,Dutchess,36027,374938,199664,305601,118605,19644,1018452,1018452,0,100000,75000,16686,723766,100000,0,3000,1018452,0
1011,1933,amityville,first nb and tc,Suffolk,36103,792105,201676,593737,156395,279667,2023580,2023580,0,150000,60000,13942,1759447,40000,0,191,2023580,0
1012,1933,amsterdam,first,Montgomery,36057,1494509,809834,2462131,384565,437499,5588538,5588538,0,200000,400000,130431,4658107,200000,0,0,5588538,0
1013,1933,amsterdam,amsterdam city,Montgomery,36057,890030,205000,355675,271157,70260,1792122,1792122,0,200000,350000,231409,781441,200000,0,29272,1792122,0
1014,1933,amsterdam,farmers,Montgomery,36057,1406409,363969,2166494,351374,204578,4492824,4492824,0,500000,100000,66884,3625940,200000,0,0,4492824,0
1015,1933,andes,nb,Delaware,36025,168454,46224,72213,34590,8260,329741,329741,0,25000,10000,2490,267251,25000,0,0,329741,0
1016,1933,andover,burrows,Allegany,36003,263527,26050,35865,31627,9900,366969,366969,0,25000,50000,22101,244860,25000,0,8,366969,0
1017,1933,angola,evans,Erie,36029,263252,66299,86846,46332,39308,502037,502037,0,50000,0,4724,424634,0,20000,2679,502037,0
1018,1933,arcade,first,Wyoming,36121,217868,36387,78457,23626,34731,391069,391069,0,50000,2124,0,313945,25000,0,0,391069,0
1019,1933,ardsley,first,Westchester,36119,224437,25375,117213,26451,10004,403480,403480,0,25000,10000,14505,310377,25000,18375,223,403480,0
1608,1933,argyle,nb,Washington,36115,93503,135885,174403,33527,18858,456176,456176,0,40000,8000,14391,353785,40000,0,0,456176,0
1021,1933,athens,athens,Greene,36039,167300,118000,173339,72617,31819,563075,563075,0,98473,0,0,411867,50000,0,2735,563075,0
1022,1933,atlanta,atlanta,Steuben,36101,16194,25083,59715,43311,18608,162911,162911,0,25000,3000,2083,122828,10000,0,0,162911,0
1023,1933,auburn,nb,Cayuga,36011,3107688,1065025,2375221,691242,164602,7403778,7403778,0,400000,400000,34209,6171999,396950,0,620,7403778,0
1025,1933,aurora,first,Cayuga,36011,68945,70185,130542,35376,4208,309256,309256,0,50000,50000,41553,118122,49520,0,61,309256,0
1026,1933,babylon,babylon nb and tc,Suffolk,36103,426477,182701,757825,144508,72196,1583707,1583707,0,100000,100000,2186,1271287,100000,0,10234,1583707,0
1027,1933,bainbridge,first,Chenango,36017,664009,82496,231389,101205,41345,1120444,1120444,0,75000,40000,6717,949174,49470,0,83,1120444,0
1028,1933,baldwin,baldwin nb and tc,Nassau,36059,1184001,60042,356054,139729,150630,1890456,1890456,0,100000,47500,4789,1497767,50000,190000,400,1890456,0
1030,1933,baldwinsville,first nb and tc,Onondaga,36067,361358,54617,298967,89466,56920,861328,861328,0,100000,30000,11535,694897,24820,0,76,861328,0
1032,1933,ballston spa,ballston spa,Saratoga,36091,1903641,620588,1263884,329739,71085,4188937,4188937,0,200000,200000,92469,3487833,200000,0,8635,4188937,0
1033,1933,barker,somerset,Niagara,36063,204808,25000,44086,29509,18921,322324,322324,0,25000,46500,247,180573,25000,45000,4,322324,0
1034,1933,batavia,first,Genesee,36037,1264156,214068,1032532,240013,120697,2871466,2871466,0,100000,200000,47192,2422625,100000,0,1649,2871466,0
1035,1933,bath,bath,Steuben,36101,771661,120538,668445,102852,91180,1754676,1754676,0,100000,100000,22479,1328197,50000,150000,4000,1754676,0
1036,1933,bay shore,first nb and tc,Suffolk,36103,426921,130185,657019,163960,178433,1556518,1556518,0,100000,50000,29833,1326685,25000,25000,0,1556518,0
1037,1933,beacon,fishkill,Dutchess,36027,553080,47500,678488,334694,142591,1756353,1756353,0,150000,100000,52993,1428358,25000,0,2,1756353,0
1038,1933,beacon,matteawan,Dutchess,36027,703824,116566,390223,102185,188287,1501085,1501085,0,200000,50000,11829,929029,100000,210000,227,1501085,0
1039,1933,belfast,first,Allegany,36003,49541,27853,124747,26931,16759,245831,245831,0,25000,15000,5974,174857,25000,0,0,245831,0
1042,1933,bellerose,first,Nassau,36059,194318,126884,486508,66842,88973,963525,963525,0,100000,14599,0,494092,98300,235751,20783,963525,0
1040,1933,bellmore,first,Nassau,36059,419496,311068,183664,126420,94550,1135198,1135198,0,50000,50000,11126,982294,40000,0,1778,1135198,0
1043,1933,binghamton,first,Broome,36007,4322524,1438833,2894494,1149940,121048,9926839,9926839,0,600000,500000,124474,8106615,595750,0,0,9926839,0
1044,1933,binghamton,city,Broome,36007,3797125,1573546,2073322,725330,429949,8599272,8599272,0,200000,500000,150316,7542460,200000,0,6496,8599272,0
1045,1933,bliss,bliss,Wyoming,36121,87435,25000,50300,118809,19784,301328,301328,0,25000,5000,266,246062,25000,0,0,301328,0
1046,1933,bolivar,first,Allegany,36003,381969,35000,159674,47421,28374,652438,652438,0,100000,10000,11,398851,0,142076,1500,652438,0
1047,1933,bolton landing,bolton,Warren,36113,137642,57263,119575,22381,33534,370395,370395,0,50000,12500,6166,216729,25000,60000,0,370395,0
1048,1933,boonville,first,Oneida,36065,571303,229019,635028,160307,44447,1640104,1640104,0,75000,25000,2272,1463293,74400,0,139,1640104,0
1049,1933,boonville,national exchange,Oneida,36065,642372,160398,652717,170123,24458,1650068,1650068,0,50000,90000,68098,1416770,25000,0,200,1650068,0
1051,1933,brewster,first,Putnam,36079,182975,58850,374979,150986,39831,807621,807621,0,100000,30000,11284,616971,49230,0,136,807621,0
1052,1933,bridgehampton,bridgehampton,Suffolk,36103,447750,183900,297750,147604,44916,1121920,1121920,0,100000,40000,5755,875154,100000,0,1011,1121920,0
1054,1933,bronxville,gramatan nb and tc,Westchester,36119,1818843,419973,563675,379509,291045,3473045,3473045,0,200000,150000,9360,2905768,200000,0,7917,3473045,0
1600,1933,buffalo,niagara,Erie,36029,434383,419876,667979,263221,93419,1878878,1878878,0,300000,200000,27961,1097436,250000,0,3481,1878878,0
1070,1933,cairo,first,Greene,36039,410082,10205,126638,22024,27847,596796,596796,0,50000,25000,1945,408851,0,111000,0,596796,0
1071,1933,caledonia,first,Livingston,36051,613105,65714,286620,137579,49615,1152633,1152633,0,200000,0,-6248,933881,25000,0,0,1152633,0
1616,1933,callicoon,first,Sullivan,36105,427858,176758,241282,84595,31021,961514,961514,0,100000,25000,6211,776315,50000,0,3988,961514,0
1073,1933,cambridge,cambridge valley,Washington,36115,259305,117563,342165,113582,15621,848236,848236,0,50000,40000,11141,697095,50000,0,0,848236,0
1074,1933,camden,first nb and tc,Oneida,36065,245218,670607,665546,191583,90806,1863760,1863760,0,100000,50000,23341,1579092,98860,0,12467,1863760,0
1075,1933,canajoharie,canajoharie,Montgomery,36057,543935,487025,1607114,364282,23549,3025905,3025905,0,100000,100000,124358,2632336,50000,0,19211,3025905,0
1624,1933,canajoharie,spraker,Montgomery,36057,256182,138756,233306,453996,30258,1112498,1112498,0,125000,15000,10821,961677,0,0,0,1112498,0
1077,1933,canandaigua,canandaigua nb and tc,Ontario,36069,833223,184769,3401371,323835,83172,4826370,4826370,0,250000,200000,103733,4191371,81000,0,266,4826370,0
1078,1933,canastota,first,Madison,36053,228417,156000,400814,75196,24598,885025,885025,0,50000,50000,16968,755486,12500,0,71,885025,0
1079,1933,candor,first,Tioga,36107,87087,33600,153427,34815,3896,312825,312825,0,50000,20000,10204,214321,18300,0,0,312825,0
1080,1933,canton,first,St Lawrence,36089,520465,188344,818759,106614,126986,1761168,1761168,0,100000,25000,9308,1526656,99995,0,209,1761168,0
1081,1933,canton,st lawrence county,St Lawrence,36089,462668,150439,457197,184012,28342,1282658,1282658,0,100000,50000,9962,1022696,100000,0,0,1282658,0
1082,1933,carmel,putnam county,Putnam,36079,361408,105056,553010,68189,36479,1124142,1124142,0,100000,20000,9460,828882,100000,65800,0,1124142,0
1617,1933,carthage,carthage national exchange,Jefferson,36045,2800908,297247,746732,210212,207345,4262444,4262444,0,200000,200000,68318,3461126,198000,135000,0,4262444,0
1085,1933,castleton on hudson,national exchange,Rensselaer,36083,177972,54723,204409,52216,8704,498024,498024,0,50000,50000,21627,326324,50000,0,73,498024,0
1087,1933,catskill,catskill,Greene,36039,454607,240045,369423,133567,73357,1270999,1270999,0,150000,75000,16116,950416,79300,0,167,1270999,0
1088,1933,catskill,tanners,Greene,36039,601483,351022,261158,203948,64586,1482197,1482197,0,150000,150000,132251,862194,137500,50000,252,1482197,0
1089,1933,cazenovia,cazenovia,Madison,36053,1104799,53030,201364,117766,77299,1554259,1554258,-1,100000,24000,12638,1416132,0,0,1488,1554258,-1
1090,1933,cedarhurst,peninsula,Nassau,36059,863730,523738,743610,169433,112297,2412808,2412808,0,100000,100000,10449,2100718,100000,0,1641,2412808,0
1091,1933,central islip,central islip,Suffolk,36103,318310,39115,290444,116593,26871,791333,791333,0,25000,18000,10401,712930,0,25000,2,791333,0
1093,1933,central square,first,Oswego,36075,796289,66253,465736,86241,53494,1468013,1468013,0,100000,50000,41091,1270672,6250,0,0,1468013,0
1094,1933,central valley,central valley,Orange,36071,318516,160753,101225,36364,66187,683045,683045,0,100000,11680,3870,452495,100000,15000,0,683045,0
1096,1933,chappaqua,chappaqua,Westchester,36119,132079,87532,158172,53780,95350,526913,526913,0,65000,1764,0,347340,65000,46180,1629,526913,0
1097,1933,chateaugay,first,Franklin,36033,439617,118083,323124,88009,61969,1030802,1030802,0,75000,50000,24121,828681,50000,0,3000,1030802,0
1620,1933,cherry valley,otsego county,Otsego,36077,75947,50125,266223,94726,23205,510226,510226,0,50000,17613,0,392613,50000,0,0,510226,0
1100,1933,chester,chester,Orange,36071,291237,172051,134555,94643,21892,714378,714378,0,100400,99600,19418,403039,90000,0,1921,714378,0
1102,1933,clayton,first national exchange,Jefferson,36045,1430820,139586,306686,141541,163634,2182267,2182267,0,100000,100000,8427,1566350,98870,308620,0,2182267,0
1104,1933,clifton springs,ontario,Ontario,36069,196500,32600,338295,81133,4461,652989,652989,0,50000,10000,90720,495191,7000,0,78,652989,0
1105,1933,clinton,hayes,Oneida,36065,572124,64332,118639,140942,53326,949363,949363,0,25000,25000,2649,890422,6250,0,42,949363,0
1106,1933,clyde,briggs nb and tc,Wayne,36117,298375,73084,522276,118065,51489,1063289,1063289,0,200000,75000,4084,784205,0,0,0,1063289,0
1107,1933,cobleskill,first,Schoharie,36095,703573,262340,2352763,302021,78695,3699392,3699392,0,100000,200000,58782,3231125,86080,0,23405,3699392,0
1108,1933,cohoes,nb,Albany,36001,1721259,837662,2748188,299729,96565,5703403,5703403,0,250000,300000,213219,4240184,250000,200000,250000,5703403,0
1109,1933,cold spring,nb of cold spring on hudson,Putnam,36079,69347,87344,196480,66514,13365,433050,433050,0,50000,20000,13225,337325,12500,0,0,433050,0
1111,1933,cooperstown,first,Otsego,36077,758397,261487,1802467,172727,101422,3096500,3096500,0,150000,150000,56118,2585963,148950,0,5469,3096500,0
1112,1933,cooperstown,second,Otsego,36077,802968,557992,1455525,393406,138267,3348158,3348158,0,150000,100000,54967,2943622,99400,0,169,3348158,0
1114,1933,copenhagen,copenhagen,Lewis,36049,43020,41200,4815,22142,23935,135112,135112,0,25000,5000,3287,76825,25000,0,0,135112,0
1116,1933,corning,first nb and tc,Steuben,36101,1237833,540639,890974,202413,235441,3107300,3107300,0,150000,300000,50728,2458760,145500,0,2312,3107300,0
1117,1933,cornwall,cornwall,Orange,36071,422733,106592,558304,181894,41749,1311272,1311272,0,50000,6000,33203,907432,50000,264633,4,1311272,0
1118,1933,cortland,second nb and tc,Cortland,36023,1573376,512500,795458,295745,94595,3271674,3271674,0,200000,30000,29742,2811932,200000,0,0,3271674,0
1119,1933,cortland,nb,Cortland,36023,1640821,860331,2044475,340991,137474,5024092,5024092,0,350000,250000,44575,4034613,344060,0,844,5024092,0
1120,1933,coxsackie,nb,Greene,36039,147416,74806,383667,75629,15796,697314,697314,0,100000,25000,30902,541408,0,0,4,697314,0
1121,1933,croghan,croghan,Lewis,36049,333691,51375,650801,76671,23702,1136240,1136240,0,50000,100000,13292,922844,50000,0,104,1136240,0
1122,1933,croton-on-hudson,first,Westchester,36119,372194,156247,272055,73415,14872,888783,888783,0,25000,75000,15036,708598,25000,40000,149,888783,0
1123,1933,cuba,first,Allegany,36003,283977,75000,96390,44366,35245,534978,534978,0,100000,45000,3233,285692,75000,24052,2001,534978,0
1124,1933,cuba,cuba,Allegany,36003,419068,131331,186228,105643,27172,869442,869442,0,100000,75000,12512,581930,100000,0,0,869442,0
1125,1933,cutchogue,first,Suffolk,36103,148341,65000,72454,58481,38254,382530,382530,0,25000,20000,5084,307446,25000,0,0,382530,0
1126,1933,dansville,merchants and farmers,Livingston,36051,771948,12500,505885,88977,69310,1448620,1448620,0,100000,30000,10623,1196882,12500,98093,522,1448620,0
1127,1933,delhi,delaware,Delaware,36025,929208,251370,418337,87347,38888,1725150,1725150,0,100000,30000,7299,1376851,100000,111000,0,1725150,0
1128,1933,deposit,farmers,Broome,36007,291361,113598,238300,52839,31941,728039,728039,0,50000,15000,2028,543484,50000,67500,27,728039,0
1129,1933,dexter,first,Jefferson,36045,127826,25000,180025,28004,20670,381525,381525,0,30000,10000,6105,295386,25000,15000,34,381525,0
1130,1933,dolgeville,first,Herkimer,36043,1004879,209370,535079,262393,53056,2064777,2064777,0,100000,100000,206852,1559880,97900,0,145,2064777,0
1131,1933,dover plains,dover plains,Dutchess,36027,171048,72300,739872,104115,17527,1104862,1104862,0,100000,50000,87033,817740,50000,0,89,1104862,0
1132,1933,downsville,first,Delaware,36025,283097,54411,108803,49030,9059,504400,504400,0,25000,25000,3588,425812,25000,0,0,504400,0
1133,1933,dryden,first,Tompkins,36109,358094,25150,121257,32689,36287,573477,573477,0,25000,13000,801,424775,25000,80000,4901,573477,0
1134,1933,dundee,dundee,Yates,36123,133158,38535,128875,48210,10233,359011,359011,0,50000,5000,2362,289149,12500,0,0,359011,0
1135,1933,dunkirk,lake shore,Chautauqua,36013,636802,1303183,1109509,248438,105503,3403435,3403435,0,105000,80000,15996,3095552,105000,0,1887,3403435,0
1136,1933,dunkirk,merchants,Chautauqua,36013,581322,701334,715462,168481,61016,2227615,2227615,0,200000,50000,5418,1767533,200000,0,4664,2227615,0
1137,1933,earlville,first,Madison,36053,306291,101228,516075,59199,47943,1030736,1030736,0,50000,50000,8872,869794,50000,0,2070,1030736,0
1139,1933,east islip,first,Suffolk,36103,565113,296823,258489,91545,53826,1265796,1265796,0,75000,50000,8209,1032482,75000,25000,105,1265796,0
1140,1933,east northport,citizens,Suffolk,36103,129785,51283,115507,26776,13578,336929,336929,0,25000,5000,14926,212903,25000,54100,0,336929,0
1141,1933,eastport,eastport,Suffolk,36103,150289,0,114610,28761,5446,299106,299106,0,50000,20000,4373,209733,0,15000,0,299106,0
1143,1933,east rockaway,east rockaway nb and tc,Nassau,36059,319628,158533,127100,76537,114122,795920,795920,0,100000,25000,14519,606002,50000,0,399,795920,0
1144,1933,east setauket,tinker,Suffolk,36103,85374,10165,104671,29214,24703,254127,254127,0,25000,12000,1708,215381,0,0,38,254127,0
1548,1933,east williston,williston of williston park,Nassau,36059,153194,91376,180973,53658,18275,497476,497476,0,50000,20000,2122,384521,0,40000,833,497476,0
1145,1933,edmeston,first,Otsego,36077,289467,104733,545317,127725,41735,1108977,1108977,0,100000,84000,9877,902597,12500,0,3,1108977,0
1146,1933,edwards,edwards,St Lawrence,36089,39070,39607,65301,37269,8979,190226,190226,0,25000,12000,55,136671,16500,0,0,190226,0
1147,1933,ellenville,first nb and tc,Ulster,36111,154588,122986,125543,56287,20762,480166,480166,0,100000,75000,13703,291463,0,0,0,480166,0
1148,1933,ellenville,home,Ulster,36111,217236,224823,60871,67569,69853,640352,640352,0,50000,100000,32317,383035,25000,50000,0,640352,0
1149,1933,elmira,first nb and tc,Chemung,36015,6323459,1577948,2055052,1241083,895825,12093367,12093367,0,1237500,762500,68596,9385342,556000,0,83429,12093367,0
1150,1933,elmira,south side,Chemung,36015,50728,98962,241755,54413,42711,488569,488569,0,100000,10000,19167,359286,0,0,116,488569,0
1151,1933,elmsford,first,Westchester,36119,221449,137106,186774,50312,16146,611787,611787,0,100000,20000,25605,331039,25000,110000,143,611787,0
1152,1933,endicott,endicott,Broome,36007,359116,53629,271858,58405,7035,750043,750043,0,100000,10000,32537,577405,0,30000,101,750043,0
1154,1933,fairport,fairport nb and tc,Monroe,36055,1003319,246800,209805,147310,106630,1713864,1713864,0,100000,50000,11599,1390888,100000,61358,19,1713864,0
1155,1933,falconer,first,Chautauqua,36013,583345,34301,110558,66240,80273,874717,874717,0,100000,0,414,704141,20000,50000,162,874717,0
1156,1933,farmingdale,first,Nassau,36059,869907,181963,615145,137802,66859,1871676,1871676,0,100000,100000,27219,1564457,80000,0,0,1871676,0
1158,1933,fleischmanns,first,Delaware,36025,150381,25000,30820,53653,18268,278122,278122,0,50000,5000,12,198106,25000,0,4,278122,0
1159,1933,floral park,first nb and tc,Nassau,36059,751685,553763,547707,98181,236747,2188083,2188083,0,200000,75000,17806,1445277,200000,250000,0,2188083,0
1623,1933,florida,nb,Orange,36071,168349,25000,36458,65279,18798,313884,313884,0,50000,10000,3,228634,25000,0,247,313884,0
1161,1933,fonda,national mohawk river,Montgomery,36057,163276,167132,1080506,80330,40836,1532080,1532080,0,100000,50000,24274,1257806,100000,0,0,1532080,0
1162,1933,forestville,first,Chautauqua,36013,214981,55050,70535,32211,23481,396258,396258,0,40000,5000,114,311144,40000,0,0,396258,0
1163,1933,fort edward,fort edward,Washington,36115,106592,155599,543483,205793,26172,1037639,1037639,0,75000,75000,66068,801514,20000,0,57,1037639,0
1164,1933,fort plain,fort plain,Montgomery,36057,762534,452972,1822344,441683,84724,3564257,3564257,0,200000,100000,9304,3204784,50000,0,169,3564257,0
1165,1933,frankfort,citizens first,Herkimer,36043,620486,315445,305199,87655,99149,1427934,1427934,0,100000,0,-100000,1260354,100000,60000,7580,1427934,0
1167,1933,franklin square,franklin square,Nassau,36059,266340,97853,308321,50639,87110,810263,810263,0,100000,24369,0,490265,0,192000,3629,810263,0
1168,1933,franklinville,union,Cattaraugus,36009,377423,50000,174393,38426,92509,732751,732751,0,75000,50000,11440,481310,50000,64900,101,732751,0
1169,1933,fredonia,national,Chautauqua,36013,407685,456143,145743,77573,80664,1167808,1167808,0,100000,10000,11090,946718,100000,0,0,1167808,0
1170,1933,freeport,first nb and tc,Nassau,36059,1759774,553823,995730,234668,422942,3966937,3966937,0,250000,130000,46478,3356554,170400,0,13505,3966937,0
1171,1933,freeport,citizens,Nassau,36059,890196,185321,555232,118939,111162,1860850,1860850,0,100000,50000,172090,1043876,10000,484679,205,1860850,0
1172,1933,friendship,union,Allegany,36003,331627,92500,66427,108806,13595,612955,612955,0,100000,40000,4923,377883,89998,0,151,612955,0
1173,1933,fulton,citizens nb and tc,Oswego,36075,763943,226047,1156870,206498,41837,2395195,2395195,0,125000,75000,14243,2055384,125000,0,568,2395195,0
1174,1933,fultonville,fultonville,Montgomery,36057,128778,20592,231278,36721,33096,450465,450465,0,50000,10000,35622,324343,12500,18000,0,450465,0
1175,1933,gainesville,gainesville,Wyoming,36121,234173,25000,150258,27827,7712,444970,444970,0,25000,17000,2784,365186,25000,10000,0,444970,0
1177,1933,geneseo,genesee valley nb and tc,Livingston,36051,1389572,322532,1125928,165503,216640,3220175,3220175,0,200000,100000,41227,2607260,197390,63000,11298,3220175,0
1178,1933,geneva,nb,Ontario,36069,1266438,116135,929662,312583,202484,2827302,2827302,0,300000,60000,49287,2380068,0,0,37947,2827302,0
1181,1933,glen cove,first,Nassau,36059,187519,73548,448841,65802,15559,791269,791269,0,200000,30000,35546,525531,0,0,192,791269,0
1184,1933,glen head,first,Nassau,36059,149149,49888,182843,39320,15290,436490,436490,0,50000,25000,9560,301687,50000,0,243,436490,0
1182,1933,glens falls,first,Warren,36113,8014957,1700106,1794557,928224,374279,12812123,12812123,0,136400,1000000,386974,11027034,133100,0,128615,12812123,0
1183,1933,glens falls,glens falls nb and tc,Warren,36113,5462782,436372,1405607,792398,304247,8401406,8401406,0,100000,500000,143769,7534595,100000,0,23042,8401406,0
1185,1933,gloversville,city,Fulton,36035,3397883,1000084,1571966,795678,219247,6984858,6984858,0,500000,350000,131336,5449784,500000,0,53738,6984858,0
1186,1933,gloversville,fulton county nb and tc,Fulton,36035,2634932,948002,1209449,544750,339386,5676519,5676519,0,500000,200000,31259,4335080,500000,0,110180,5676519,0
1187,1933,goshen,goshen,Orange,36071,84482,177261,253760,46690,12031,574224,574224,0,55000,40000,11680,428944,27500,10000,1100,574224,0
1188,1933,goshen,nb of orange county,Orange,36071,486838,620768,570190,131268,34899,1843963,1843963,0,110000,220000,141232,1220296,110000,0,42435,1843963,0
1190,1933,grand gorge,first,Delaware,36025,226183,113475,379164,48531,7544,774897,774897,0,50000,50000,46850,559132,50000,15000,3915,774897,0
1193,1933,granville,washington county,Washington,36115,753524,399008,545519,106219,115555,1919825,1919825,0,100000,30000,577,1480948,98300,210000,0,1919825,0
1609,1933,greene,first,Chenango,36017,596317,63087,7712,122575,22551,812242,812242,0,50000,50000,19290,691419,0,0,1533,812242,0
1196,1933,greenport,first,Suffolk,36103,433084,129519,281890,114595,20616,979704,979704,0,50000,75000,4270,766934,50000,30000,3500,979704,0
1197,1933,greenport,peoples,Suffolk,36103,229223,81650,294009,115379,19377,739638,739638,0,50000,75000,18756,581797,12500,0,1585,739638,0
1198,1933,greenwich,first,Washington,36115,347369,0,705832,221708,29521,1304430,1304430,0,50000,50000,105673,1094709,0,0,4048,1304430,0
1200,1933,groton,first,Tompkins,36109,346177,150599,341485,117250,25803,981314,981314,0,100000,50000,26028,704818,100000,0,468,981314,0
1201,1933,hamden,first,Delaware,36025,257032,35143,81927,23622,34433,432157,432157,0,75000,14000,3423,239734,25000,75000,0,432157,0
1202,1933,hamilton,national hamilton,Madison,36053,495305,379863,993843,263292,31149,2163452,2163452,0,110000,22000,138830,1784080,104050,0,4492,2163452,0
1204,1933,hampton bays,hampton bays,Suffolk,36103,153755,108255,361040,68649,15802,707501,707501,0,100000,50000,38656,468842,50000,0,3,707501,0
1205,1933,hancock,first,Delaware,36025,611291,137264,503140,88573,27627,1367895,1367895,0,100000,65000,3178,982715,100000,117000,2,1367895,0
1207,1933,harrison,first,Westchester,36119,541827,237987,454447,173859,49152,1457273,1457272,-1,75000,85000,6817,1263143,25000,0,2313,1457273,0
1208,1933,harrisville,first,Lewis,36049,83298,53370,37690,10911,11648,196917,196917,0,25000,5000,3235,129491,25000,8000,1191,196917,0
1209,1933,hartsdale,hartsdale,Westchester,36119,173455,27987,316740,130000,101284,749466,749466,0,50000,50000,8792,638266,0,0,2408,749466,0
1210,1933,hartwick,hartwick,Otsego,36077,263424,41841,123986,24840,18093,472184,472184,0,25000,13000,2566,386579,25000,20000,39,472184,0
1211,1933,hastings on hudson,first,Westchester,36119,729461,132698,335972,164247,110213,1472591,1472591,0,100000,100000,7257,1243707,21250,0,377,1472591,0
1212,1933,haverstraw,nb of haverstraw and tc,Rockland,36087,66577,207670,94284,263955,47677,680163,680163,0,100000,23218,0,531753,25000,0,192,680163,0
1214,1933,hempstead,second,Nassau,36059,665777,301025,1663993,292892,139143,3062830,3062830,0,300000,100000,41603,2490748,0,130000,479,3062830,0
1215,1933,herkimer,first,Herkimer,36043,2861301,174484,697433,251798,174370,4159386,4159386,0,100000,200000,29046,3675178,99080,50000,6082,4159386,0
1217,1933,hermon,first,St Lawrence,36089,178567,52567,144197,18935,21697,415963,415963,0,100000,3000,3710,309253,0,0,0,415963,0
1218,1933,heuvelton,first,St Lawrence,36089,221645,64909,154119,54457,19952,515082,515082,0,99000,0,9462,356002,50000,0,618,515082,0
1219,1933,hicksville,long island,Nassau,36059,585911,111976,255083,71580,137674,1162224,1162224,0,60000,80000,2109,836758,60000,121500,1857,1162224,0
1220,1933,highland,first,Ulster,36111,712919,31344,481874,238921,39923,1504981,1504981,0,50000,150000,13435,1266546,25000,0,0,1504981,0
1610,1933,highland falls,first,Orange,36071,686521,135925,225248,77048,48409,1173151,1173151,0,150000,50000,6965,947186,0,19000,0,1173151,0
1222,1933,hobart,nb,Delaware,36025,338068,146186,74612,46315,18413,623594,623594,0,100000,30000,8219,385375,100000,0,0,623594,0
1223,1933,holcomb,hamlin,Ontario,36069,283965,50000,387081,53969,18168,793183,793183,0,100000,20000,10007,613092,50000,0,84,793183,0
1224,1933,holland patent,first,Oneida,36065,146166,44472,309547,47253,7604,555042,555042,0,60000,10000,4910,450069,30000,0,63,555042,0
1225,1933,homer,homer,Cortland,36023,443813,265224,637423,240207,37246,1623913,1623913,0,100000,50000,4477,1369431,100000,0,5,1623913,0
1227,1933,hoosick falls,peoples first,Rensselaer,36083,1033054,1366278,2225470,572864,181270,5378936,5378936,0,200000,200000,119007,4609890,197730,0,52309,5378936,0
1230,1933,horseheads,first,Chemung,36015,278690,80328,303839,105644,89032,857533,857533,0,50000,50000,15836,691672,50000,0,25,857533,0
1231,1933,hudson,first nb and tc,Columbia,36021,294504,1021528,450806,334974,65336,2167148,2167148,0,200000,100000,31403,1680968,150000,0,4777,2167148,0
1232,1933,hudson,farmers,Columbia,36021,1985448,772666,1549071,299043,79019,4685247,4685247,0,200000,200000,132530,4064947,50000,0,37770,4685247,0
1234,1933,hudson falls,peoples,Washington,36115,985241,208500,371126,375078,58966,1998911,1998911,0,100000,150000,65862,1667815,0,0,15234,1998911,0
1235,1933,hudson falls,sandy hill,Washington,36115,1246660,239027,600722,218962,112120,2417491,2417491,0,125000,100000,33767,2028441,122540,0,7743,2417491,0
1236,1933,huntington,first nb and tc,Suffolk,36103,876700,277480,822450,418575,34418,2429623,2429623,0,100000,200000,5509,2075254,48860,0,0,2429623,0
1237,1933,ilion,ilion nb and tc,Herkimer,36043,714307,423087,967535,215702,73060,2393691,2393691,0,100000,100000,18517,2075174,100000,0,0,2393691,0
1238,1933,ilion ,manufacturers,Herkimer,36043,288014,128642,312646,226532,71734,1027568,1027568,0,100000,20000,691,827858,75000,0,4019,1027568,0
1239,1933,interlaken,wheeler,Seneca,36099,280492,57482,177089,38667,36612,590342,590342,0,50000,2000,1609,447083,49650,40000,0,590342,0
1240,1933,inwood,first,Nassau,36059,381084,119125,613341,175417,57643,1346610,1346610,0,100000,25000,26006,1086276,100000,8000,1328,1346610,0
1241,1933,irvington,irvington nb and tc,Westchester,36119,598388,169891,181959,77778,204686,1232702,1232702,0,100000,45000,2235,803651,100000,153752,28064,1232702,0
1242,1933,islip,first,Suffolk,36103,184428,267942,361762,112526,90236,1016894,1016894,0,200000,25000,16924,674966,100000,0,4,1016894,0
1243,1933,ithaca,first,Tompkins,36109,2087793,477562,1080834,520304,58982,4225475,4225475,0,250000,250000,52823,3522143,149700,0,809,4225475,0
1244,1933,ithaca,tompkins co,Tompkins,36109,1882164,440638,234861,171034,28539,2757236,2757236,0,200000,200000,95402,2012434,99400,150000,0,2757236,0
1246,1933,jamestown,first,Chautauqua,36013,1938334,2631344,769342,1051533,159961,6550514,6550514,0,200000,325000,68651,5888567,49640,0,18656,6550514,0
1248,1933,jamestown,national chautauwua co,Chautauqua,36013,2567394,50000,680518,548963,303987,4150862,4150862,0,875000,250000,132485,2712001,50000,0,131376,4150862,0
1249,1933,jeffersonville,first,Sullivan,36105,286694,91113,112014,38538,22112,550471,550471,0,25000,25000,19913,415552,25000,40000,6,550471,0
1250,1933,jordan,jordan,Onondaga,36067,176879,46484,39159,34115,20355,316992,316992,0,25000,5000,4169,256143,25000,0,1680,316992,0
1251,1933,keeseville,keeseville,Essex,36031,449549,135663,141606,49895,8851,785564,785564,0,100000,50000,11297,493092,100000,31175,0,785564,0
1252,1933,kenmore,first,Erie,36029,391482,428850,630371,436277,163097,2050077,2050077,0,400000,40000,12507,1394183,200000,0,3387,2050077,0
1253,1933,kerhonkson,kerhonkson,Ulster,36111,277891,50891,252734,56359,7546,645421,645421,0,25000,45290,5208,568529,0,0,1394,645421,0
1254,1933,kinderhook,national union,Columbia,36021,406528,260391,377885,106375,19389,1170568,1170568,0,200000,40000,17608,709308,200000,0,3652,1170568,0
1256,1933,kingston,first nb of rondout,Ulster,36111,580847,571663,105793,225800,69453,1553556,1553556,0,200000,300000,187169,665383,200000,0,1004,1553556,0
1622,1933,kingston,national ulster county,Ulster,36111,402001,554025,825970,401816,83372,2267184,2267184,0,250000,35000,6403,1719824,250000,0,5957,2267184,0
1258,1933,kingston,rondout,Ulster,36111,741440,288277,412394,148624,144686,1735421,1735421,0,150000,100000,5565,1329856,150000,0,0,1735421,0
1259,1933,kingston,state of new york,Ulster,36111,1222236,768823,1121474,528552,61609,3702694,3702694,0,150000,300000,98810,3103884,50000,0,0,3702694,0
1260,1933,lackawanna,lackawanna,Erie,36029,1469372,362282,729825,637325,97430,3296234,3296234,0,200000,150000,97387,2645111,200000,0,3736,3296234,0
1261,1933,lacona,first,Oswego,36075,492068,50753,168140,101485,51323,863769,863769,0,50000,20000,3361,737859,50000,0,2549,863769,0
1262,1933,la fargeville,first,Jefferson,36045,70558,27825,53681,36062,5111,193237,193237,0,25000,12500,6713,138343,10000,0,681,193237,0
1263,1933,lake george,first,Warren,36113,232375,10000,172707,44238,4630,463950,463950,0,50000,100000,11093,292847,10000,0,10,463950,0
1264,1933,lake ronkonkoma,nb,Suffolk,36103,119920,29776,65644,31165,3577,250082,250082,0,25000,1359,392,193284,5000,25000,47,250082,0
1265,1933,lancaster,citizens,Erie,36029,515823,303643,581539,121202,115662,1637869,1637869,0,300000,25000,16147,1080164,100000,115000,1558,1637869,0
1268,1933,liberty,nb,Sullivan,36105,568950,511700,1484239,134884,106746,2806519,2806519,0,100000,100000,44022,2462493,100000,0,4,2806519,0
1269,1933,liberty,sullivan county,Sullivan,36105,800152,445595,898260,165353,89895,2399255,2399255,0,100000,70000,31857,1937398,100000,160000,0,2399255,0
1270,1933,lindenhurst,first,Suffolk,36103,389289,36343,545625,84929,64893,1121079,1121079,0,50000,50000,17063,841504,6500,156000,12,1121079,0
1272,1933,lisle,first,Broome,36007,72898,40500,146839,23350,5162,288749,288749,0,55000,30000,7777,170972,20000,5000,0,288749,0
1273,1933,little falls,little falls,Herkimer,36043,1938517,781175,426382,479530,244410,3870014,3870014,0,200000,200000,41955,3230224,197660,0,175,3870014,0
1274,1933,livingston manor,livingston manor,Sullivan,36105,293948,125610,305831,37018,46165,808572,808572,0,50000,33000,4330,509940,50000,158300,3002,808572,0
1275,1933,livonia,stewart,Livingston,36051,466813,66422,404123,97393,39890,1074641,1074641,0,115000,0,-39847,974081,24650,0,757,1074641,0
1276,1933,lockport,niagara county nb and tc,Niagara,36063,3533495,1402224,1374031,623537,422322,7355609,7355609,0,800000,200000,115397,5340968,800000,0,99244,7355609,0
1277,1933,long beach,national city,Nassau,36059,305228,121850,99265,105440,183837,815620,815620,0,100000,15000,10190,632824,49300,0,8306,815620,0
1278,1933,lowville,black river,Lewis,36049,504537,354310,742693,159711,125112,1886363,1886363,0,100000,80000,12811,1594152,99400,0,0,1886363,0
1279,1933,lynbrook,lynbrook nb and tc,Nassau,36059,1274390,800494,693737,185023,122429,3076073,3076073,0,150000,75000,10605,2684422,150000,0,6046,3076073,0
1280,1933,lynbrook,peoples nb and tc,Nassau,36059,762120,404937,428663,90490,375967,2062177,2062177,0,150000,30000,14602,1371894,150000,344870,811,2062177,0
1282,1933,lyons,lyons,Wayne,36117,412241,410830,433518,280589,56113,1593291,1593291,0,150000,30000,12489,1340710,60000,0,92,1593291,0
1283,1933,lyons falls,lyons falls,Lewis,36049,109838,60575,197196,33645,11625,412879,412879,0,25000,12500,2375,353004,20000,0,0,412879,0
1285,1933,mahopac,mahopac,Putnam,36079,133341,75231,191060,40945,67973,508550,508550,0,75000,12500,7761,387603,25000,0,686,508550,0
1286,1933,malone,citizens,Franklin,36033,170046,219977,255666,81471,7499,734659,734659,0,100000,14900,7143,490543,100000,22000,73,734659,0
1287,1933,malone,farmers,Franklin,36033,1385273,112025,448515,368068,70904,2384785,2384785,0,150000,150000,88706,1958568,37500,0,11,2384785,0
1289,1933,manhasset,first nb and tc,Nassau,36059,650345,120153,165378,136426,135839,1208141,1208141,0,100000,14000,3880,879308,69030,119923,22000,1208141,0
1290,1933,marathon,first,Cortland,36023,201566,66668,192236,35734,11758,507962,507962,0,50000,20000,7941,370272,19700,40000,49,507962,0
1291,1933,marcellus,first,Onondaga,36067,332965,59869,97820,73554,22308,586516,586516,0,50000,25000,497,461018,50000,0,1,586516,0
1292,1933,margaretville,peoples,Delaware,36025,220684,276929,111404,143231,13247,765495,765495,0,50000,20000,590,669905,25000,0,0,765495,0
1294,1933,marion,first,Wayne,36117,229769,25000,187434,64266,40861,547330,547330,0,25000,35000,2871,459298,25000,0,161,547330,0
1295,1933,marlboro,first,Ulster,36111,554958,100643,251772,80427,89447,1077247,1077247,0,50000,24000,1287,951952,50000,0,8,1077247,0
1296,1933,massena,first nb and tc,St Lawrence,36089,384707,176815,617835,179378,234576,1593311,1593311,0,100000,50000,5809,1412362,25000,0,140,1593311,0
1601,1933,mattituck,mattituck nb and tc,Suffolk,36103,344596,169738,184184,128392,51003,877913,877913,0,100000,40000,15346,637567,85000,0,0,877913,0
1297,1933,maybrook,maybrook,Orange,36071,85000,47900,126646,29171,7926,296643,296643,0,25000,25000,46231,175390,25000,0,22,296643,0
1300,1933,merrick,first,Nassau,36059,239005,50000,448646,46818,173078,957547,957547,0,100000,35000,12900,556293,50000,200200,3154,957547,0
1301,1933,mexico,first,Oswego,36075,188342,63930,283886,47330,39750,623238,623238,0,50000,25000,52393,409332,50000,28700,7813,623238,0
1302,1933,middleburgh,first,Schoharie,36095,134667,131097,753906,84086,19394,1123150,1123150,0,50000,50000,24116,949574,49460,0,0,1123150,0
1306,1933,middleville,middleville,Herkimer,36043,203333,59093,210214,18014,18915,509569,509569,0,50000,15000,4278,288540,50000,101750,1,509569,0
1307,1933,milford,milford,Otsego,36077,248775,25000,52888,30052,36261,392976,392976,0,25000,15000,1953,286040,25000,39900,83,392976,0
1308,1933,millerton,millerton,Dutchess,36027,138325,100297,472125,124880,24342,859969,859969,0,50000,40000,3937,735953,30000,0,79,859969,0
1309,1933,milton,first,Ulster,36111,248515,18042,19027,55969,13368,354921,354921,0,25000,5000,454,324467,0,0,0,354921,0
1310,1933,mineola,first,Nassau,36059,1282304,463770,831912,257530,108040,2943556,2943556,0,200000,100000,65742,2229842,50000,294180,3792,2943556,0
1602,1933,mineola,central,Nassau,36059,162532,111303,96892,37345,114031,522103,522103,0,100000,15000,851,261045,100000,22700,22507,522103,0
1603,1933,minoa,first,Onondaga,36067,179772,129369,151674,48557,9154,518526,518526,0,50000,25000,21217,372256,50000,0,53,518526,0
1612,1933,montgomery,first,Orange,36071,73055,57887,83289,101451,14800,330482,330482,0,40000,10000,16793,238641,25000,0,48,330482,0
1314,1933,monticello,national union,Sullivan,36105,1113395,507064,1439798,273988,168544,3502789,3502789,0,100000,250000,11855,3041018,99650,0,266,3502789,0
1619,1933,montour falls,montour,Schuyler ,36097,185479,52510,51923,25056,51728,366696,366696,0,25000,10000,45367,235943,25000,25000,386,366696,0
1316,1933,moravia,first,Cayuga,36011,470694,130000,565906,102564,14249,1283413,1283413,0,130000,30000,35717,957696,130000,0,0,1283413,0
1317,1933,morris,first,Otsego,36077,234112,193557,220439,73653,41572,763333,763333,0,50000,20000,3382,641051,48900,0,0,763333,0
1318,1933,morristown,frontier,St Lawrence,36089,114193,45751,74905,18656,12600,266105,266105,0,25000,15000,3458,197615,25000,0,32,266105,0
1319,1933,morrisville,first,Madison,36053,260997,50400,183259,26654,16718,538028,538028,0,50000,10000,15230,397798,50000,15000,0,538028,0
1320,1933,mount kisco,mount kisco nb and tc,Westchester,36119,2311271,554719,1899875,311959,88914,5166738,5166738,0,200000,200000,254151,4387586,50000,75000,1,5166738,0
1321,1933,mount morris,genesee river,Livingston,36051,811368,72770,658605,123175,105614,1771532,1771532,0,100000,100000,67749,1403665,50000,50000,118,1771532,0
1322,1933,mount vernon,first,Westchester,36119,1597338,3966526,4572695,1472583,1163506,12772648,12772648,0,500000,800000,104917,10867731,500000,0,0,12772648,0
1324,1933,nanuet,nanuet,Rockland,36087,64864,81496,175494,86790,32373,441017,441017,0,50000,10000,591,330072,49700,0,654,441017,0
1325,1933,narrowsburg,first,Sullivan,36105,253154,50453,219854,30202,23632,577295,577295,0,62500,5000,21230,360365,50000,78200,0,577295,0
1327,1933,newark valley,first,Tioga,36107,157004,55433,52771,55251,20795,341254,341254,0,50000,6023,260231,0,25000,0,0,341254,0
1328,1933,new berlin,nb,Chenango,36017,304649,148363,601057,154074,21610,1229753,1229753,0,50000,75000,9995,1082009,12500,0,249,1229753,0
1329,1933,newburgh,highland quassaick nb and tc,Orange,36071,4515436,1313524,2220275,975520,209602,9234357,9234357,0,400000,300000,36903,8296687,195750,0,5017,9234357,0
1330,1933,newburgh,nb,Orange,36071,1457698,709469,582079,316846,200576,3266668,3266668,0,400000,55306,0,2411357,400000,0,5,3266668,0
1331,1933,new hartford,first,Oneida,36065,525600,105000,315105,70617,33326,1049646,1049648,2,50000,30000,4007,914829,50000,0,810,1049646,0
1332,1933,new paltz,huguenot,Ulster,36111,385562,119950,242623,104884,6651,859670,859670,0,100000,200000,63436,395611,100000,0,623,859670,0
1334,1933,new rochelle,central,Westchester,36119,1217469,60000,284358,142586,210763,1915176,1915176,0,300000,100000,67068,962383,0,475488,10237,1915176,0
1336,1933,new york,first,New York,36061,97225161,194667921,120316292,71433148,5676467,489318989,489318989,0,10000000,65000000,22284741,377858450,9931050,0,4244748,489318989,0
1356,1933,new york,bayside,Queens,36081,403180,406728,405324,104620,34671,1354523,1354523,0,200000,100000,19553,786583,200000,48062,325,1354523,0
1056,1933,new york,bensonhurst,Kings,36047,661271,50347,376424,154397,30589,1273028,1273028,0,200000,20000,169,1049148,0,0,3711,1273028,0
1340,1933,new york,chase,New York,36061,772992197,207064186,206652946,294593837,152066581,1633369747,1633369747,0,148000000,50000000,10771503,1289741975,18120000,0,116736269,1633369747,0
1342,1933,new york,college point,Queens,36081,245107,258405,300876,79985,116318,1000691,1000691,0,200000,20000,10419,568134,200000,0,2138,1000691,0
1343,1933,new york,commercial nb and tc,New York,36061,28079497,26408906,7217932,16523142,8894032,87123509,87123509,0,7000000,7000000,2459567,62796256,0,0,7867686,87123509,0
1345,1933,new york,dunbar,New York,36061,492020,921500,959308,440286,98577,2911691,2911691,0,500000,200000,269452,1532544,393900,0,15795,2911691,0
1058,1933,new york,flatbush,Kings,36047,444770,79500,627706,267920,229753,1649649,1649649,0,300000,25000,20182,1298064,0,0,6403,1649649,0
1347,1933,new york,forest hills,Queens,36081,202164,42768,402845,61262,116902,825941,825941,0,200000,50000,22027,553481,0,0,433,825941,0
1059,1933,new york,fort greene,Kings,36047,336091,899756,544574,241679,130334,2152434,2152434,0,500000,2554,1206,1434990,200000,0,13684,2152434,0
1348,1933,new york,grace,New York,36061,4683195,12083851,3179664,3660484,723641,24330835,24330835,0,1500000,1000000,594019,19194988,1483090,0,558738,24330835,0
1245,1933,new york,jamaica,Queens,36081,886533,269187,317944,222770,195154,1891588,1891588,0,251612,0,0,1357200,275000,0,7776,1891588,0
1061,1933,new york,kingsboro,Kings,36047,351357,160601,1739170,293967,238342,2783437,2783437,0,500000,250000,68924,1936026,24700,0,3787,2783437,0
1062,1933,new york,lafayette,Kings,36047,1568295,431730,832121,530266,820521,4182933,4182933,0,1450000,0,-133681,2454089,400000,0,12525,4182933,0
1293,1933,new york,mariner harbor,Richmond,36085,470321,56638,297010,81911,69320,975200,975200,0,200000,40000,15865,639240,40000,40000,95,975200,0
1157,1933,new york,nb of far rockaway,Queens,36081,748488,856048,57667,208128,218067,2088398,2088398,0,500000,0,-47150,1423814,200000,0,11734,2088398,0
1357,1933,new york,flushing,Queens,36081,509086,802752,333393,197412,202802,2045445,2045445,0,500000,75000,17744,1109836,339900,0,2965,2045445,0
1360,1933,new york,nb of yorkville,New York,36061,569250,317631,806410,715033,164566,2572890,2572890,0,500000,25000,33550,1930365,75000,0,8975,2572890,0
1355,1933,new york,national bronx,Bronx,36005,2845781,1123506,1144462,877157,291213,6282119,6282119,0,525000,175000,94086,4942582,500000,0,45451,6282119,0
1361,1933,new york,national city,New York,36061,382849178,228784976,171922769,222957908,226747421,1233262252,1233262252,0,124000000,30000000,59714754,911128910,25000000,0,83418588,1233262252,0
1604,1933,new york,national exchange bank and tc,Kings,36061,746572,0,634712,1393130,17761,2792175,2792175,0,1000000,1000000,139297,648010,0,0,4868,2792175,0
1352,1933,new york,national safety bank and tc,New York,36061,1781356,618917,561879,2831071,580060,6373283,6373283,0,1428600,100000,29623,4460981,314600,0,39479,6373283,0
1063,1933,new york,peoples,Kings,36047,1269650,2022375,1885109,502920,277306,5957360,5957360,0,500000,125000,64659,4746380,500000,8000,13321,5957360,0
1363,1933,new york,public nb and tc,New York,36061,46956243,27447890,23202045,16054597,6517763,120178538,120178538,0,8250000,3000000,3613377,96337098,5000000,0,3978063,120178538,0
1366,1933,new york,springfield gardens,Queens,36081,165195,41297,186032,62851,81651,537026,537026,0,200000,0,2251,294342,39280,0,1153,537026,0
1422,1933,new york,staten island nb and tc,Richmond,36085,1124972,1153357,641334,221950,200209,3341822,3341822,0,500000,100000,80066,2429182,225000,0,7574,3341822,0
1367,1933,new york,sterling nb and tc,New York,36061,2758819,10630334,2632521,3077101,762562,19861337,19861337,0,1500000,1000000,200959,15487207,1500000,0,173171,19861337,0
1496,1933,new york,tottenville,Richmond,36085,326219,225470,556133,130372,80032,1318226,1318226,0,200000,19004,10091,1017488,10000,60000,1643,1318226,0
1370,1933,new york,woodside,Queens,36081,670082,180273,910649,120876,181628,2063508,2063508,0,400000,200000,34906,1335811,0,90000,2791,2063508,0
1372,1933,nichols,nichols,Tioga,36107,218978,51754,121941,73770,9850,476293,476293,0,25000,40000,18345,382948,10000,0,0,476293,0
1373,1933,norfolk,first,St Lawrence,36089,88074,85609,82437,33300,6679,296099,296099,0,25000,12500,911,257688,0,0,0,296099,0
1374,1933,north creek,north creek,Warren,36113,591991,215006,299232,71795,102634,1280658,1280658,0,100000,75000,16305,939180,100000,50000,173,1280658,0
1375,1933,northport,first nb and tc,Suffolk,36103,415557,60450,399840,202483,56691,1135021,1135021,0,100000,50000,8027,964359,12500,0,135,1135021,0
1377,1933,north syracuse,north syracuse,Onondaga,36067,153391,9000,71214,16558,22318,272481,272481,0,25000,6250,1480,188278,0,49600,1873,272481,0
1378,1933,north tarrytown,first,Westchester,36119,787728,567398,537518,446391,70304,2409339,2409339,0,100000,175000,23014,2110725,0,0,600,2409339,0
1379,1933,norwich,chenango co nb and tc,Chenango,36017,819958,734160,664533,196613,52225,2467489,2467489,0,200000,230000,3678,1785556,197950,50000,305,2467489,0
1380,1933,norwich,nb and tc,Chenango,36017,1336593,869298,725848,239730,110822,3282291,3282291,0,400000,150000,16242,2307276,400000,0,8773,3282291,0
1381,1933,nyack,nyack nb and tc,Rockland,36087,3472307,1737595,3367872,541187,309706,9428667,9428667,0,200000,300000,79755,8615441,199998,0,33473,9428667,0
1382,1933,oceanside,oceanside,Nassau,36059,322669,81569,167729,49195,44943,666105,666105,0,50000,10000,7250,442218,0,156500,137,666105,0
1605,1933,odessa,first,Schuyler ,36097,51830,66191,42616,26973,9562,197172,197172,0,50000,2000,2916,87252,50000,5000,4,197172,0
1384,1933,old forge,first,Herkimer,36043,670316,116323,86155,52252,27196,952242,952242,0,50000,50000,65144,686487,50000,50609,2,952242,0
1385,1933,olean,first,Cattaraugus,36009,4306563,476300,430079,783117,397030,6393089,6393089,0,250000,250000,31271,5445818,250000,150000,16000,6393089,0
1386,1933,olean,exchange,Cattaraugus,36009,2741599,1002651,1669318,664840,608695,6687103,6687103,0,1000000,100000,26034,4538333,1000000,0,22736,6687103,0
1387,1933,oneida,oneida valley,Madison,36053,1474607,401602,1099415,156618,110938,3243180,3243180,0,175000,175000,59780,2608156,175000,50000,244,3243180,0
1388,1933,oneonta,citizens nb and tc,Otsego,36077,1349666,413880,425456,241600,153743,2584345,2584345,0,100000,100000,18921,2265424,100000,0,0,2584345,0
1389,1933,oneonta,wilber,Otsego,36077,2386435,639508,1619553,727540,561310,5934346,5934346,0,200000,400000,56180,5078137,200000,0,30,5934347,1
1390,1933,ossining,first nb and tc,Westchester,36119,214310,447286,693621,171756,300507,1827480,1827480,0,250000,162500,9505,1187039,148430,70000,6,1827480,0
1391,1933,oswego,first and second nb and tc,Oswego,36075,1344731,1680014,1860821,541180,245963,5672709,5672709,0,400000,200000,31159,4642191,397698,0,1661,5672709,0
1393,1933,oswego,first,Oswego,36075,550942,321704,690952,143557,87621,1794776,1794776,0,100000,100000,74963,1469669,50000,0,144,1794776,0
1394,1933,oswego,oswego,Oswego,36075,518404,221549,432315,82222,65388,1319878,1319878,0,150000,95000,11037,918726,100000,45000,115,1319878,0
1621,1933,painted post,first,Steuben,36101,79483,79700,57421,43433,27745,287782,287782,0,50000,25000,705,162077,50000,0,0,287782,0
1398,1933,patchogue,peoples,Suffolk,36103,370289,292891,167413,84571,19750,934919,934914,-5,100000,35000,18489,680547,100000,0,883,934919,0
1399,1933,pawling,nb,Dutchess,36027,232995,120000,273440,82857,29160,738457,738452,-5,100000,100000,20737,363568,100000,50000,4152,738457,0
1400,1933,pearl river,first nb and tc,Rockland,36087,604137,146740,290565,70046,120492,1231980,1231980,0,100000,50000,5105,1001741,75000,134,0,1231980,0
1401,1933,peekskill,peekskill nb and tc,Westchester,36119,317760,600039,1177687,186596,94811,2376895,2376893,-2,200000,30000,16205,1930690,100000,100000,0,2376895,0
1402,1933,peekskill,westchester county,Westchester,36119,1599102,1294778,2018295,318543,580187,5810905,5810905,0,600000,250000,163212,3437671,100000,1260000,22,5810905,0
1404,1933,perry,first,Wyoming,36121,196794,327955,795055,86340,68364,1474508,1474508,0,100000,20000,6539,1247969,100000,0,0,1474508,0
1408,1933,pine plains,stissing,Dutchess,36027,59970,55100,114786,60209,7733,297798,297798,0,45000,45000,9972,151701,45000,0,1125,297798,0
1409,1933,pittsford,pittsford,Monroe,36055,276546,0,186074,80811,46432,589863,589863,0,50000,25000,20866,477968,0,14600,1429,589863,0
1613,1933,plattsburgh,merchants,Clinton,36019,2531989,252800,335875,308910,175880,3605454,3605454,0,200000,100000,50688,3054766,200000,0,0,3605454,0
1412,1933,plattsburgh,plattsburg nb and tc,Clinton,36019,4583798,933096,2154214,773410,325571,8770089,8770089,0,500000,460123,0,7304953,499998,0,5015,8770089,0
1413,1933,pleasantville,first,Westchester,36119,601436,199564,583893,121677,23260,1529830,1529830,0,200000,100000,4874,1222580,0,0,2376,1529830,0
1414,1933,poland,citizens,Herkimer,36043,448697,79300,82139,35941,23708,669785,669785,0,50000,50000,30875,412132,49550,77163,65,669785,0
1415,1933,port byron,nb,Cayuga,36011,114088,2977,79668,30271,16766,243770,243770,0,25000,2000,7938,208788,0,0,44,243770,0
1416,1933,port chester,first nb and tc,Westchester,36119,3816738,557280,788326,390458,686691,6239493,6239493,0,500000,100000,31401,4527743,444160,627308,8881,6239493,0
1417,1933,port henry,citizens,Essex,36031,351451,271069,546209,132352,26974,1328055,1328055,0,235000,45000,27999,914469,100000,0,5587,1328055,0
1418,1933,port jefferson,first,Suffolk,36103,502236,261994,460975,100561,31503,1357269,1357269,0,100000,75000,29623,1017646,100000,35000,0,1357269,0
1419,1933,port jervis,first,Orange,36071,893154,699003,804112,276606,67825,2740700,2740700,0,200000,200000,59262,2079366,200000,0,2072,2740700,0
1420,1933,port jervis,nb and tc,Orange,36071,457037,488024,887798,281906,234615,2349380,2349380,0,130000,100000,22177,1966928,130000,0,275,2349380,0
1421,1933,port leyden,port leyden,Lewis,36049,90235,20959,139619,30059,13740,294612,294612,0,50000,15000,7608,200971,20000,0,1033,294612,0
1423,1933,port washington,harbor,Nassau,36059,105054,65548,189013,52383,11534,423532,423532,0,50000,10000,7654,355876,0,0,2,423532,0
1424,1933,port washington,port washington nb and tc,Nassau,36059,692034,175360,603274,140826,247778,1859272,1859272,0,125000,50000,16164,1668108,0,0,0,1859272,0
1425,1933,potsdam,citizens,St Lawrence,36089,1185825,94553,209381,105058,148215,1743032,1743032,0,100000,82000,17551,1206281,50000,287200,0,1743032,0
1426,1933,poughkeepsie,first,Dutchess,36027,2531408,1978730,2777448,742755,186921,8217262,8217262,0,312500,350000,36547,7410248,100000,0,7966,8217261,-1
1427,1933,poughkeepsie,fallkill nb and tc,Dutchess,36027,1455781,802250,801622,524992,87421,3672066,3672066,0,250000,250000,445468,2720214,0,0,6384,3672066,0
1428,1933,poughkeepsie,farmers and manufacturers,Dutchess,36027,1103761,463872,419879,260038,88714,2336264,2336264,0,200000,200000,44500,1609024,200000,75000,7740,2336264,0
1429,1933,poughkeepsie,merchants nb and tc,Dutchess,36027,1374077,598318,820170,229103,290455,3312123,3312123,0,250000,100000,48826,2724455,175000,0,13842,3312123,0
1432,1933,ravena,first,Albany,36001,46353,80570,288346,37472,8850,461591,461591,0,25000,45000,3469,358032,25000,5000,90,461591,0
1433,1933,red creek,red creek,Wayne,36117,240627,50000,40864,25792,34050,391333,391333,0,50000,20911,232422,50000,0,38000,0,391333,0
1434,1933,red hook,first,Dutchess,36027,509342,150000,709514,186465,20045,1575366,1575366,0,100000,100000,38844,1261378,75000,0,144,1575366,0
1435,1933,redwood,redwood,Jefferson,36045,232363,135692,208987,69904,38445,685391,685391,0,25000,50000,15289,580102,15000,0,0,685391,0
1436,1933,remsen,first,Oneida,36065,115879,140793,179060,44271,9062,489065,489065,0,56500,5000,4551,398614,24400,0,0,489065,0
1438,1933,rhinebeck,first,Dutchess,36027,228038,109893,151604,65416,22399,577350,577350,0,125000,25000,74174,293155,60000,0,21,577350,0
1439,1933,richfield springs,first,Otsego,36077,964639,124642,480466,140223,31925,1741895,1741895,0,100000,50000,7939,1533956,50000,0,0,1741895,0
1441,1933,riverhead,suffolk county,Suffolk,36103,1098822,826507,939505,520739,111214,3496787,3496787,0,100000,300000,51740,2945047,100000,0,0,3496787,0
1442,1933,rochester,first nb and tc,Monroe,36055,4852135,2081644,1552873,1467388,193969,10148009,10148009,0,1000000,500000,173922,7445245,1000000,0,28842,10148009,0
1445,1933,rockville centre,nassau county,Nassau,36059,1804034,193818,971468,295138,188523,3452981,3452981,0,200000,140000,11289,2820320,0,280000,1372,3452981,0
1446,1933,rome,farmers nb and tc,Oneida,36065,2377942,129855,1873285,428346,315744,5125172,5125172,0,350000,200000,50117,4508099,0,0,16956,5125172,0
1448,1933,roosevelt,first,Nassau,36059,447273,120169,172637,65016,127318,932413,932413,0,50000,30000,11496,632978,25000,182800,139,932413,0
1449,1933,roscoe,first nb and tc,Sullivan,36105,974011,101885,265272,72878,64062,1478109,1478108,-1,100000,54000,1189,1073920,100000,149000,0,1478109,0
1450,1933,roslyn,roslyn,Nassau,36059,566727,150150,93079,211611,135955,1157522,1157522,0,100000,25000,23339,831428,99350,75000,3405,1157522,0
1452,1933,roxbury,nb,Delaware,36025,271444,127311,261630,74072,22890,757347,757347,0,50000,25000,8641,616153,50000,0,7553,757347,0
1453,1933,rye,rye,Westchester,36119,1421634,123463,1453583,217736,265773,3482189,3482189,0,250000,100000,31644,2694912,50000,350000,5633,3482189,0
1454,1933,st johnsville,first,Montgomery,36057,311142,191211,1061487,140359,48706,1752905,1752905,0,100000,200000,46612,1356293,50000,0,0,1752905,0
1455,1933,st regis falls,st regis falls,Franklin,36033,236802,71325,130363,34150,7160,479800,479800,0,25000,25000,25291,352964,25000,25000,1545,479800,0
1458,1933,salem,salem,Washington,36115,293603,178126,635447,140292,11013,1258481,1258481,0,40000,60000,23253,1125160,10000,0,68,1258481,0
1456,1933,salamanca,first,Cattaraugus,36009,205335,246149,341906,336868,38844,1169102,1169102,0,125000,25000,3457,915617,100000,0,28,1169102,0
1459,1933,saranac lake,adirondack nb and tc,Franklin,36033,1222055,544516,429982,460309,108323,2765185,2765185,0,100000,100000,176794,2288391,100000,0,0,2765185,0
1460,1933,saranac lake,saranac lake,Franklin,36033,403879,16750,193267,99865,30046,743807,743807,0,50000,70000,2784,608523,12500,0,0,743807,0
1461,1933,saratoga springs,saratoga,Saratoga,36091,1717467,485954,1129736,310329,255574,3899060,3899060,0,200000,200000,90863,3303759,99448,0,4990,3899060,0
1462,1933,saugerties,first nb and tc,Ulster,36111,599047,280673,203451,97017,120657,1300845,1300845,0,200000,27000,12762,773423,200000,87647,13,1300845,0
1465,1933,sayville,oystermen's,Suffolk,36103,1041179,71081,660361,132240,64438,1969399,1969299,-100,100000,50000,58172,1658727,50000,35000,17500,1969399,0
1466,1933,scarsdale,scarsdale nb and tc,Westchester,36119,1418523,941331,1691539,644186,51389,4746968,4746968,0,200000,300000,137042,3897560,200000,0,12366,4746968,0
1467,1933,schenectady,mohawk,Schenectady,36093,2971967,916606,1478839,709896,424418,6501726,6501726,0,500000,14304,0,5452705,500000,0,34717,6501726,0
1468,1933,schenectady,union,Schenectady,36093,4358400,931512,2684554,1223930,505397,9703793,9703793,0,400000,350000,56447,8434919,400000,0,62427,9703793,0
1469,1933,schenevus,schenevus,Otsego,36077,155765,109505,194138,29785,18345,507538,507538,0,50000,5000,483,377055,50000,25000,0,507538,0
1470,1933,schuylerville,nb,Saratoga,36091,290693,100726,289955,54935,10286,746595,746595,0,50000,50000,10085,586267,50000,0,243,746595,0
1471,1933,seaford,seaford,Nassau,36059,230561,87471,175586,26318,43873,563809,563809,0,50000,20000,3029,362721,0,128000,59,563809,0
1472,1933,sharon springs,first,Schoharie,36095,92435,93472,144750,77639,5729,414025,414025,0,25000,5000,77,332646,25000,0,26302,414025,0
1473,1933,sherburne,sherburne,Chenango,36017,769398,251438,249048,180722,38206,1488812,1488812,0,100000,90000,11319,1187354,100000,0,139,1488812,0
1474,1933,sherrill,first,Oneida,36065,175208,10039,56596,27563,9123,278529,278529,0,25000,5000,1032,238497,0,9000,0,278529,0
1614,1933,sidney,first,Delaware,36025,756790,276530,140821,188186,65419,1427746,1427746,0,100000,50000,30808,1136928,100000,0,10010,1427746,0
1476,1933,silver creek,first,Chautauqua,36013,413842,177044,232275,81426,45272,949859,949859,0,100000,20000,5864,723900,100000,0,95,949859,0
1477,1933,silver creek,silver creek,Chautauqua,36013,643863,168413,322979,82762,98905,1316922,1316922,0,100000,20000,2752,895225,100000,198945,0,1316922,0
1478,1933,silver springs,silver springs,Wyoming,36121,61071,58558,140870,133680,9020,403199,403199,0,25000,25000,24611,303566,25000,0,22,403199,0
1479,1933,skaneateles,nb and tc,Onondaga,36067,456877,176318,436832,86278,109838,1266143,1266143,0,100000,50000,32928,984267,97820,0,1128,1266143,0
1481,1933,southampton,first,Suffolk,36103,1232481,210447,501486,146979,238512,2329905,2329905,0,200000,200000,12476,1765248,100000,50000,2181,2329905,0
1482,1933,south fallsburg,south fallsburg,Sullivan,36105,89429,102217,306574,32282,30810,561312,561312,0,75000,15000,6803,339508,75000,50000,1,561312,0
1484,1933,south otselic,otselic valley,Chenango,36017,316151,111350,103107,67184,9384,607176,607176,0,100000,15000,13504,378566,100000,0,106,607176,0
1485,1933,sparkill,first,Rockland,36087,246951,25375,371470,107254,24823,775873,775873,0,75000,50000,1821,648458,0,0,594,775873,0
1486,1933,spring valley,first,Rockland,36087,883530,758497,337878,244806,22259,2246970,2246970,0,350000,75000,35387,1720647,55250,0,9686,2245970,-1000
1487,1933,springville,citizens,Erie,36029,857528,322430,662572,112908,44048,1999486,1999486,0,150000,75000,46325,1553161,150000,25000,0,1999486,0
1488,1933,stamford,nb,Delaware,36025,754811,139660,548031,127239,104248,1673989,1673989,0,100000,125000,19017,1329972,100000,0,0,1673989,0
1489,1933,suffern,suffern nb and tc,Rockland,36087,2003119,1173105,639416,473726,241597,4530963,4530963,0,350000,200000,129182,3498769,350000,0,3012,4530963,0
1606,1933,syracuse,lincoln nb and tc,Onondaga,36067,3763873,3907865,4313111,1586185,367349,13938383,13938383,0,1200000,600000,329569,10547704,1200000,0,61110,13938383,0
1490,1933,syracuse,merchants nb and tc,Onondaga,36067,3341171,1920739,1582998,686710,543275,8074893,8074893,0,750000,450000,58885,6383843,180000,250000,2165,8074893,0
1493,1933,tarrytown,tarrytown nb and tc,Westchester,36119,1259781,346907,300058,228871,139996,2275613,2275613,0,200000,100000,67444,1908169,0,0,0,2275613,0
1494,1933,theresa,farmers,Jefferson,36045,262581,26021,159075,62585,27670,537932,537932,0,50000,14000,5855,395033,25000,48000,44,537932,0
1495,1933,ticonderoga,ticonderoga,Essex,36031,689975,67562,80945,88658,126174,1053314,1053314,0,200000,25000,10034,736110,49170,33000,0,1053314,0
1498,1933,troy,manufacturers,Rensselaer,36083,6573905,5637517,10348794,2050175,732881,25343272,25343272,0,1500000,1500000,261053,20562631,1492080,0,27508,25343272,0
1499,1933,troy,national city,Rensselaer,36083,3399379,2072585,3216303,861078,369382,9918727,9918727,0,600000,600000,64577,8144086,500000,0,10064,9918727,0
1500,1933,troy,union,Rensselaer,36083,2421493,1047402,2630458,529369,135507,6764229,6764229,0,300000,200000,134028,5682559,297600,150000,42,6764229,0
1502,1933,trumansburg,first,Tompkins,36109,128496,73852,111700,57353,34585,405986,405986,0,50000,10000,2933,292946,50000,0,107,405986,0
1626,1933,tuckahoe,crestwood,Westchester,36119,106974,4000,24750,121224,18592,275540,275540,0,50000,10000,121,215419,0,0,0,275540,0
1503,1933,tuckahoe,first nb and tc,Westchester,36119,1703402,344741,794632,231042,245795,3319612,3319612,0,200000,140000,5397,2605397,100000,268800,18,3319612,0
1505,1933,tully,first,Onondaga,36067,261095,106724,123404,96360,29794,617377,617377,0,50000,0,6535,510842,50000,0,0,617377,0
1506,1933,tupper lake,tupper lake,Franklin,36033,411694,124664,353209,164182,34459,1088208,1088208,0,50000,50000,104375,835553,48280,0,0,1088208,0
1628,1933,tuxedo,nb,Orange,36071,84894,44528,8378,673371,36904,848075,848075,0,50000,20000,0,752543,25000,0,532,848075,0
1508,1933,unadilla,unadilla,Otsego,36077,360615,227819,388679,91527,23658,1092298,1092298,0,50000,50000,23144,919555,49595,0,4,1092298,0
1510,1933,utica,oneida nb and tc,Oneida,36065,4898213,1176808,1612426,947208,350135,8984790,8984790,0,600000,600000,44942,7201352,500000,0,38496,8984790,0
1512,1933,valley stream,valley stream nb and tc,Nassau,36059,543743,269494,1185909,139534,239902,2378582,2378582,0,150000,50000,21022,1857560,50000,250000,0,2378582,0
1513,1933,vernon,nb,Oneida,36065,181049,51189,471687,38654,18739,761318,761318,0,112500,20000,43834,559855,25000,0,129,761318,0
1514,1933,walden,first nb and tc,Orange,36071,253093,120000,294083,128243,62514,857933,857933,0,100000,5000,6155,646039,100000,0,739,857933,0
1515,1933,wallkill,wallkill,Ulster,36111,429329,181483,168602,54795,24608,858817,858817,0,50000,10000,30701,668022,50000,50000,94,858817,0
1516,1933,walton,first nb and tc,Delaware,36025,1251570,428903,567706,182032,74436,2504647,2504647,0,150000,150000,7184,1963789,150000,60183,23491,2504647,0
1517,1933,wappingers falls,nb,Dutchess,36027,135849,176607,138525,57977,38431,547389,547389,0,50000,25000,14079,402734,50000,0,5576,547389,0
1518,1933,warrensburg,emerson nb,Warren,36113,496547,51975,153435,262785,87709,1052451,1052451,0,100000,75000,10179,833675,30000,0,3597,1052451,0
1519,1933,warsaw,wyoming county,Wyoming,36121,1174079,193466,2007096,344548,33513,3752702,3752702,0,100000,250000,161771,3141411,99520,0,0,3752702,0
1520,1933,warwick,first,Orange,36071,422791,244911,549243,220330,78541,1515816,1515816,0,100000,100000,53911,1162430,99100,0,375,1515816,0
1627,1933,washingtonville,central,Orange,36071,64066,2500,6300,162385,4935,240186,240186,0,50000,10000,2500,177686,0,0,0,240186,0
1522,1933,waterloo,first,Seneca,36099,598007,69901,788682,111488,70799,1638877,1638877,0,100000,50000,15956,1366594,50000,50000,6327,1638877,0
1523,1933,watertown,jefferson county,Jefferson,36045,3361457,547753,1333191,433359,785619,6461379,6461379,0,500000,150000,12499,4682560,390000,682530,43790,6461379,0
1524,1933,watertown,watertown,Jefferson,36045,1872121,498237,888449,379317,268258,3906382,3906382,0,300000,100000,31238,3258344,200000,0,16800,3906382,0
1525,1933,waterville,nb,Oneida,36065,506276,42000,297881,94952,35558,976667,976667,0,100000,10000,1150,825517,40000,0,0,976667,0
1526,1933,watervliet,nb,Albany,36001,1099316,442364,842394,187739,192806,2764619,2764619,0,100000,55000,10647,2194947,100000,300000,4025,2764619,0
1527,1933,watkins glen,watkins glen,Schuyler ,36097,499140,320898,590055,165383,93493,1668969,1668969,0,50000,50000,40510,1478459,50000,0,0,1668969,0
1529,1933,waverly,citizens,Tioga,36107,706268,215629,492221,156677,83685,1654480,1654480,0,100000,50000,8094,1395907,100000,0,479,1654480,0
1530,1933,wayland,first,Steuben,36101,226756,159281,480466,168104,30104,1064711,1064711,0,100000,50000,38395,826316,50000,0,0,1064711,0
1532,1933,weedsport,first,Cayuga,36011,351319,41723,433632,145624,14316,986614,986614,0,25000,85000,30802,820693,25000,0,119,986614,0
1533,1933,wells,hamilton county,Hamilton,36041,119977,103130,190938,150078,21792,585915,585915,0,50000,25000,36862,449053,25000,0,0,585915,0
1534,1933,wellsville,citizens,Allegany,36003,501364,141221,134884,148650,123307,1049426,1049426,0,200000,0,9089,740342,99995,0,0,1049426,0
1535,1933,westbury,whealtey hills,Nassau,36059,401383,253420,373562,68936,14959,1112260,1112260,0,100000,65000,4816,847299,25000,70000,145,1112260,0
1537,1933,westfield,nb,Chautauqua,36013,1159367,444089,661956,265102,142464,2672978,2672978,0,150000,64000,4676,2304299,150000,0,3,2672978,0
1538,1933,west hempstead,west hempstead,Nassau,36059,249700,61312,161962,31354,93715,598043,598043,0,50000,10000,1540,485451,50000,0,1052,598043,0
1539,1933,westport,lake champlain,Essex,36031,276711,74420,123744,96975,13459,585309,585309,0,25000,50000,5730,491540,12510,0,529,585309,0
1541,1933,west winfield,west winfield,Herkimer,36043,208630,52267,174052,94262,39958,569169,569169,0,25000,15000,2681,501378,25000,0,110,569169,0
1542,1933,whitehall,merchants,Washington,36115,478863,355904,441094,96943,55299,1428103,1428103,0,100000,35000,10261,1233665,49150,0,27,1428103,0
1544,1933,white plains,peoples nb and tc,Westchester,36119,557074,305468,1131295,203751,44450,2242038,2242038,0,300000,50000,15271,1488497,135000,250000,3270,2242038,0
1545,1933,whitesboro,whitestown,Oneida,36065,315376,0,55619,27910,48696,447601,447601,0,50000,10000,5836,309723,0,72000,42,447601,0
1546,1933,whitesville,first,Allegany,36003,135945,67100,75794,34326,6434,319598,319599,1,25000,25000,3317,240281,25000,0,1000,319598,0
1547,1933,whitney point,first,Broome,36007,181193,97185,176102,47224,15748,517452,517452,0,25000,25000,4374,446828,6250,10000,0,517452,0
1549,1933,willsboro,essex co,Essex,36031,117424,242308,291290,170697,11819,833538,833538,0,25000,25000,35900,722638,25000,0,0,833538,0
1551,1933,windsor,windsor,Broome,36007,137272,45457,131679,28446,14328,357182,357182,0,25000,25000,1497,280885,24800,0,0,357182,0
1552,1933,winthrop,first,St Lawrence,36089,270766,54547,160640,31750,8044,525747,525747,0,25000,25000,9820,348772,25000,92120,35,525747,0
1553,1933,wolcott,first,Wayne,36117,453511,259056,213612,198031,35285,1159495,1159495,0,75000,0,-10586,1018100,75000,0,1981,1159495,0
1555,1933,woodridge,first,Sullivan,36105,202494,70009,135516,70150,80816,558985,558985,0,50000,20000,11046,452694,25000,0,245,558985,0
1556,1933,wyoming,nb,Wyoming,36121,137829,25172,157176,31549,16244,367970,367970,0,50000,2500,2613,287857,25000,0,0,367970,0
1625,1933,yonkers,first nb and tc,Westchester,36119,1017828,73923,628610,3157022,30050,4907433,4907433,0,300000,275000,23607,4308043,0,0,783,4907433,0
1558,1933,yonkers,central,Westchester,36119,1462705,752958,1081140,606384,103879,4007066,4007066,0,350000,350000,112958,2845455,347000,0,1653,4007066,0
1559,1933,yonkers,yonkers nb and tc,Westchester,36119,4902322,497295,1791505,629354,669971,8490447,8490447,0,800000,0,29412,6046884,200000,1392787,21364,8490447,0
