id,year,city,name,county,fips,loans,ussec,othsec,cchdufrm,otherassets,assets,capital,surpro,profits,totdep,circulation,billsred,otherliabs,assets_check,diff,liabs_check,diff1
42043,1933,Abilene,Citizens,Taylor,48441,749090,188626,209203,617054,209363,1973336,200000,10000,7646,1655690,100000,0,0,1973336,0,1973336,0
41002,1933,Abilene,Farmers and Merchants,Taylor,48441,922020,807331,241100,2956178,118227,5044856,200000,65000,30641,4648344,100000,0,871,5044856,0,5044856,0
41004,1933,Albany,First,Shackelford,48417,388276,157422,48000,232486,58563,884747,100000,10000,20350,666893,87500,0,4,884747,0,884747,0
41006,1933,Allen,First,Collin,48085,28976,25000,1200,34662,3173,93011,25000,5000,250,62761,0,0,0,93011,0,93011,0
41008,1933,Alpine,State,Brewster,48043,121524,60385,7824,44018,7628,241379,50000,20000,6195,115124,50000,0,60,241379,0,241379,0
41007,1933,Alpine,First,Brewster,48043,202667,75000,8848,75854,17355,379724,75000,20000,6254,203470,75000,0,0,379724,0,379724,0
41011,1933,Alvord,Alvord,Wise,48497,69051,145000,9869,54240,362,278522,50000,50000,16,176530,0,0,1976,278522,0,278522,0
41012,1933,Amarillo,First,Potter,48375,1708984,585600,369150,1493442,109350,4266526,300000,100000,8757,3562459,295310,0,0,4266526,0,4266526,0
41013,1933,Amarillo,Amarillo,Potter,48375,2955971,219000,530333,1507989,259126,5472419,100000,200000,7094,5065918,98400,0,1007,5472419,0,5472419,0
41015,1933,Amherst,First,Lamb,48279,164407,6600,9251,368683,4262,553203,25000,6000,8092,514111,0,0,0,553203,0,553203,0
41016,1933,Anderson,First,Grimes,48185,75017,25000,37242,104699,6033,247991,25000,15000,7344,175459,25000,0,188,247991,0,247991,0
41017,1933,Anna,First,Collin,48085,43478,11300,4941,77820,11151,148690,35000,10000,1176,92514,10000,0,0,148690,0,148690,0
41018,1933,Annona,First,Red River,48387,39823,10000,6704,51111,11483,119121,30000,6000,2291,69777,10000,0,1053,119121,0,119121,0
41019,1933,Anson,First,Jones,48253,364272,25000,41935,477129,60129,968465,50000,50000,51683,796782,20000,0,0,968465,0,968465,0
41022,1933,Aspermont,First,Stonewall,48433,101136,17303,33013,182758,13597,347807,25000,25000,17779,272528,7500,0,0,347807,0,347807,0
41023,1933,Athens,First,Henderson,48213,370056,103102,86148,253113,40651,853070,100000,40000,2634,660436,50000,0,0,853070,0,853070,0
41025,1933,Atlanta,First,Cass,48067,110895,199015,9300,151492,11868,482570,50000,50000,6285,326753,49460,0,72,482570,0,482570,0
41026,1933,Atlanta,Atlanta,Cass,48067,215761,385150,62126,149067,19412,831516,50000,60000,5000,666516,50000,0,0,831516,0,831516,0
41027,1933,Austin,American,Travis,48453,2026468,1103044,394317,1977230,196132,5697191,300000,400000,8548,4688643,300000,0,0,5697191,0,5697191,0
41028,1933,Austin,Austin,Travis,48453,3804926,2310647,1311932,3705566,589196,11722267,300000,500000,110134,10510047,299995,0,2091,11722267,0,11722267,0
41031,1933,Bailey,First,Fannin,48147,45954,17500,11485,63986,6316,145241,25000,4400,2727,103414,9700,0,0,145241,0,145241,0
41032,1933,Baird,First,Callahan,48059,268943,159900,50927,264439,17967,762176,50000,25000,7912,654264,25000,0,0,762176,0,762176,0
41033,1933,Ballinger,First,Runnels,48399,359616,173750,37900,325660,52718,949644,100000,50000,6851,692793,100000,0,0,949644,0,949644,0
41034,1933,Bandera,First,Bandera,48019,75183,0,1070,33017,9060,118330,25000,0,286,77216,0,15806,22,118330,0,118330,0
41036,1933,Bartlett,First,Bell,48027,75704,160200,34529,147284,24756,442473,100000,30000,1346,236127,75000,0,0,442473,0,442473,0
41037,1933,Bartlett,Bartlett,Bell,48027,116424,70000,4874,113997,28253,333548,100000,20000,322,142684,70000,0,542,333548,0,333548,0
41038,1933,Bastrop,First,Bastrop,48021,92984,27650,34689,139782,10441,305546,50000,25000,4644,213402,12500,0,0,305546,0,305546,0
41039,1933,Bay City,First,Matagorda,48321,233154,195500,264545,568766,44090,1306055,100000,25000,72277,1000401,100000,0,8377,1306055,0,1306055,0
41041,1933,Beaumont,American,Jefferson,48245,2827179,839336,528232,2302300,737781,7234828,400000,200000,165142,6459251,0,0,10435,7234828,0,7234828,0
41040,1933,Beaumont,First?,Jefferson,48245,3394714,2464138,746382,2936455,319620,9861309,400000,400000,307997,8653312,100000,0,0,9861309,0,9861309,0
41044,1933,Beeville,First,Bee,48025,287853,85700,217370,269786,29278,889987,100000,50000,15655,674332,50000,0,0,889987,0,889987,0
41045,1933,Beeville,Commercial,Bee,48025,295506,50000,80317,133962,31671,591456,100000,50000,11596,379752,50000,0,108,591456,0,591456,0
41048,1933,Belleville,First,Austin,48015,201356,105851,129963,103088,14565,554823,50000,20000,9450,425373,50000,0,0,554823,0,554823,0
41046,1933,Bellevue,First,Clay,48077,72108,30000,1150,35047,5044,143349,30000,0,643,82706,30000,0,0,143349,0,143349,0
41047,1933,Bells,First,Grayson,48181,57411,23000,5633,32386,9978,128408,25000,3000,1379,79029,20000,0,0,128408,0,128408,0
41050,1933,Belton,Peoples,Bell,48027,36315,191400,69709,56215,18238,371877,50000,0,5494,266296,50000,0,87,371877,0,371877,0
41900,1933,Belton,Farmers,Bell,48027,85576,50000,2400,56419,14560,208955,50000,10000,124,148568,0,0,263,208955,0,208955,0
41051,1933,Big Spring,First,Howard,48227,239538,150000,94900,309021,45486,838945,50000,100000,9205,629740,50000,0,0,838945,0,838945,0
41053,1933,Big Spring,West Texas,Howard,48227,459519,50095,77033,144601,84606,815854,50000,50000,9097,656471,50000,0,286,815854,0,815854,0
41052,1933,Big Spring,State,Howard,48227,486216,75100,117676,337688,14751,1031431,50000,100000,13449,817982,50000,0,0,1031431,0,1031431,0
41056,1933,Blanco,Blanco,Blanco,48031,86233,26035,1150,28942,23336,165696,25000,0,2496,113205,24995,0,0,165696,0,165696,0
41059,1933,Bogata,First,Red River,48387,47729,25150,6184,74937,22290,176290,50000,0,555,100677,25000,0,58,176290,0,176290,0
41060,1933,Bonham,First,Fannin,48147,399212,47393,333863,227664,63484,1071616,200000,25000,2158,844458,0,0,0,1071616,0,1071616,0
41062,1933,Bowie,First,Montague,48337,219794,65617,3250,123896,48647,461204,50000,25000,24,338680,47500,0,0,461204,0,461204,0
41066,1933,Brady,Commercial,McCulloch,48307,183713,120300,12134,270359,89390,675896,130000,60000,3719,381992,100000,0,185,675896,0,675896,0
41065,1933,Brady,Brady,McCulloch,48307,212775,118256,12000,280838,56462,680331,100000,50000,14706,465428,50000,0,197,680331,0,680331,0
41067,1933,Breckenridge,First,Stephens,48429,630474,314600,68374,434457,285226,1733131,200000,50000,7150,1465981,10000,0,0,1733131,0,1733131,0
42039,1933,Brenham,Farmers,Washington,48477,199156,50200,14005,124585,11929,399875,50000,0,4810,294997,50000,0,68,399875,0,399875,0
41068,1933,Brenham,First,Washington,48477,560574,243650,212495,447218,176453,1640390,150000,25000,25828,1278338,150000,0,11224,1640390,0,1640390,0
41070,1933,Bridgeport,First,Wise,48497,121333,45000,62632,35750,30731,295446,35000,35000,0,190362,35000,0,84,295446,0,295446,0
41071,1933,Bronte,First,Coke,48081,81176,0,11197,150615,9896,252884,25000,12500,2000,213384,0,0,0,252884,0,252884,0
41072,1933,Brownfield,First,Terry,48445,165216,0,45239,72266,32689,315410,50000,6000,2264,257146,0,0,0,315410,0,315410,0
41075,1933,Brownsville,State,Cameron,48061,727041,517000,10050,958858,206939,2419888,250000,65000,162,1854726,250000,0,0,2419888,0,2419888,0
41076,1933,Brownwood,First,Brown,48049,519220,839000,26258,607116,122860,2114454,100000,100000,206425,1603298,100000,0,4731,2114454,0,2114454,0
41079,1933,Bryan,First,Brazos,48041,186041,285200,122177,144269,120615,858302,100000,50000,28175,580127,100000,0,0,858302,0,858302,0
41080,1933,Bryan,City,Brazos,48041,372556,257600,10804,216198,21016,878174,150000,30000,50585,533903,110000,0,3686,878174,0,878174,0
42034,1933,Burkbernett,First,Wichita,48485,221851,40000,5018,147744,2567,417180,40000,0,4410,332437,40000,0,333,417180,0,417180,0
41083,1933,Byers,First,Clay,48077,105156,25000,2526,95430,21792,249904,25000,10000,1989,187915,25000,0,0,249904,0,249904,0
41084,1933,Bynum,First,Hill,48217,69002,0,1825,100897,17959,189683,25000,15000,12635,137048,0,0,0,189683,0,189683,0
41085,1933,Caddo Mill,State,Hunt,48231,32041,6333,1000,110522,13007,162903,30000,3000,2258,127645,0,0,0,162903,0,162903,0
41086,1933,Caldwell,Caldwell,Burleson,48051,45611,208000,62088,222046,17211,554956,100000,25000,5281,321836,99998,0,2841,554956,0,554956,0
42044,1933,Cameron,First,Milam,48331,145462,50000,33465,168972,39008,436907,50000,3644,0,333263,50000,0,0,436907,0,436907,0
41088,1933,Cameron,Citizens,Milam,48331,265713,247058,717404,305877,94999,1631051,100000,125000,15986,1289882,100000,0,183,1631051,0,1631051,0
41090,1933,Canadian,Southwest,Hemphill,48211,155593,0,7507,92326,34000,289426,100000,10000,0,179035,0,0,391,289426,0,289426,0
41089,1933,Canadian,First,Hemphill,48211,261860,0,3600,76476,23568,365504,100000,10000,4133,249326,0,0,2045,365504,0,365504,0
41091,1933,Canton,First,Van Zandt,48467,35289,20000,257033,168525,28768,509615,40000,14000,6972,438578,10000,0,65,509615,0,509615,0
41092,1933,Canyon,First,Randall,48381,156407,50000,2738,65970,46195,321310,50000,0,1072,220238,50000,0,0,321310,0,321310,0
41093,1933,Carthage,First,Panola,48365,68120,12861,21814,198567,34787,336149,50000,10000,14437,249138,12500,0,74,336149,0,336149,0
41094,1933,Celeste,First,Hunt,48231,70297,31500,4400,83631,14705,204533,50000,0,1562,122971,30000,0,0,204533,0,204533,0
41097,1933,Childress,City,Childress,48075,173588,25289,41898,173304,72928,487007,100000,2000,8500,376031,0,0,476,487007,0,487007,0
41096,1933,Childress,First,Childress,48075,467201,437000,423216,510475,54360,1892252,50000,100000,27052,1665200,50000,0,0,1892252,0,1892252,0
41098,1933,Chillicothe,First,Hardeman,48197,22714,5500,3500,207890,20365,259969,25000,10000,1192,223777,0,0,0,259969,0,259969,0
41099,1933,Cisco,First,Eastland,48133,221157,115300,152175,363899,40322,892853,50000,40000,279,802574,0,0,0,892853,0,892853,0
41100,1933,Clarendon,First,Donley,48129,183278,50000,2788,103706,6333,346105,50000,30000,9398,206614,50000,0,93,346105,0,346105,0
42006,1933,Clarksville,Red River,Red River,48387,261437,5000,229246,253070,97436,846189,100000,25000,704,720288,0,0,197,846189,0,846189,0
41103,1933,Claude,First,Armstrong,48011,28698,50000,1500,21578,34637,136413,25000,25000,700,56669,25000,4000,44,136413,0,136413,0
41104,1933,Cleburne,City,Johnson,48251,214626,291229,611064,189346,40592,1346857,100000,13500,13339,1119006,100000,0,1012,1346857,0,1346857,0
41105,1933,Cleveland,First,Liberty,48291,97620,6350,34647,96623,20296,255536,25000,15000,6209,203077,6250,0,0,255536,0,255536,0
42017,1933,Coleman,First,Coleman,48083,380596,355950,7325,310685,22005,1076561,100000,10000,30000,834773,100000,0,1788,1076561,0,1076561,0
41112,1933,Colorado,City,Mitchell,48335,870051,40000,14574,373594,97084,1395303,100000,75000,5826,1174477,40000,0,0,1395303,0,1395303,0
41114,1933,Comanche,Comanche,Comanche,48093,258660,86150,3600,183875,27713,559998,100000,10000,6803,393195,50000,0,0,559998,0,559998,0
41115,1933,Commerce,First,Hunt,48231,135905,68500,50155,161540,8376,424476,50000,10000,8809,353167,0,0,2500,424476,0,424476,0
41116,1933,Conroe,First,Montgomery,48339,180203,166419,355705,483114,19889,1205330,50000,25000,531,1079459,50000,0,340,1205330,0,1205330,0
41117,1933,Coolidge,First,Limestone,48293,97453,100000,38323,155641,21919,413336,75000,40000,798,222538,75000,0,0,413336,0,413336,0
41119,1933,Cooper,Delta,Delta,48119,53752,107200,61064,198849,14397,435262,50000,25000,19418,303344,37500,0,0,435262,0,435262,0
41118,1933,Cooper,First,Delta,48119,55482,73538,79838,116188,40269,365315,50000,25000,4586,235729,50000,0,0,365315,0,365315,0
41122,1933,Corpus Christi,State,Nueces,48355,1217392,526671,191447,668591,97356,2701457,200000,200000,12306,2089151,200000,0,0,2701457,0,2701457,0
41121,1933,Corpus Christi,Corpus Christi,Nueces,48355,1865249,832150,280329,1421681,97341,4496750,200000,200000,24201,4071822,0,0,727,4496750,0,4496750,0
41125,1933,Corsicana,State,Navarro,48349,652388,248400,347221,527183,416998,2192190,300000,75000,8209,1513621,197360,0,98000,2192190,0,2192190,0
41123,1933,Corsicana,First,Navarro,48349,3441924,549394,162195,1274158,227929,5655600,600000,400000,41921,4113679,500000,0,0,5655600,0,5655600,0
41126,1933,Cotulla,Stockmens,La Salle,48283,144883,60000,80539,26088,34462,345972,75000,13000,91,154462,60000,43419,0,345972,0,345972,0
41127,1933,Crandall,Citizens,Kaufman,48257,43624,50000,5471,124197,25060,248352,25000,50000,10559,137729,25000,0,64,248352,0,248352,0
41128,1933,Crockett,First,Houston,48225,317416,212183,176053,305816,37119,1048587,100000,100000,17375,731063,100000,0,149,1048587,0,1048587,0
41129,1933,Crosbyton,Citizens,Crosby,48107,260603,26043,15566,112218,24022,438452,50000,0,2503,363279,22500,0,170,438452,0,438452,0
41131,1933,Cuero,Buchel,De Witt,48123,266475,54295,104065,269546,28084,722465,100000,10000,8454,579011,25000,0,0,722465,0,722465,0
41132,1933,Cushing,First,Nacogdoches,48347,87182,0,13890,137441,3045,241558,25000,25000,2465,189093,0,0,0,241558,0,241558,0
41134,1933,Daingerfield,National,Morris,48343,98991,151400,18305,87350,8850,364896,50000,25000,8019,231877,50000,0,0,364896,0,364896,0
41139,1933,Dallas,National Bank of Commerce,Dallas,48113,1001719,1948800,638341,1428151,154254,5171265,150000,150000,93419,4627846,150000,0,0,5171265,0,5171265,0
41901,1933,Dallas,Mercantile,Dallas,48113,6384388,2896475,1936240,4805506,461259,16483868,2000000,0,332827,13598142,500000,0,52899,16483868,0,16483868,0
41140,1933,Dallas,Republic National Bank,Dallas,48113,22014501,13264434,7646359,15725101,4698689,63349084,6000000,1000000,60138,50991724,3403270,0,1893952,63349084,0,63349084,0
41136,1933,Dallas,American Exchange,Dallas,48113,42119939,11678282,4346689,28463383,5040881,91649174,8000000,2000000,3058097,74374311,3623720,0,593046,91649174,0,91649174,0
41141,1933,Darrouzett,First,Lipscomb,48295,75085,0,3076,25473,4615,108249,25000,9000,1102,67008,0,6139,0,108249,0,108249,0
41142,1933,Dawson,First,Navarro,48349,97536,68500,3000,245951,11156,426143,50000,50000,12724,263419,50000,0,0,426143,0,426143,0
41145,1933,De Kalb,First,Bowie,48037,126486,0,47131,86930,41084,301631,100000,15000,955,185676,0,0,0,301631,0,301631,0
41146,1933,De Leon,Farmers and Merchants,Comanche,48093,124779,84700,2401,179102,20283,411265,50000,20000,0,291265,50000,0,0,411265,0,411265,0
42018,1933,Decatur,First,Wise,48497,71501,158050,56268,184835,27800,498454,50000,10000,8483,380691,49280,0,0,498454,0,498454,0
41148,1933,Del Rio,Del Rio,Val Verde,48465,991025,230000,14504,342942,53545,1632016,150000,50000,20756,1104145,100000,207115,0,1632016,0,1632016,0
41149,1933,Denison,Citizens,Grayson,48181,387337,249960,527912,265930,173303,1604442,150000,25000,5136,1324306,100000,0,0,1604442,0,1604442,0
41150,1933,Denison,State,Grayson,48181,756568,323891,891550,389158,77881,2439048,100000,150000,41750,2047298,100000,0,0,2439048,0,2439048,0
41151,1933,Denton,Denton County,Denton,48121,247994,135000,180378,87425,57957,708754,50000,10000,8140,588993,49100,0,2521,708754,0,708754,0
41152,1933,Deport,First,Lamar,48277,68279,88900,2400,130277,8574,298430,50000,30000,6186,188144,24100,0,0,298430,0,298430,0
41153,1933,Devine,Adams,Medina,48325,33082,50000,5508,5467,48318,142375,50000,0,-431,30892,50000,11914,0,142375,0,142375,0
41155,1933,Dodd City,First,Fannin,48147,9881,42950,1100,93612,4760,152303,30000,6000,2740,103563,10000,0,0,152303,0,152303,0
41156,1933,Dublin,Dublin,Erath,48143,321962,94800,4300,247771,13074,681907,60000,12000,53611,525448,24640,0,6208,681907,0,681907,0
41158,1933,Eagle Lake,First,Colorado,48089,90644,304262,71438,133076,32449,631869,75000,25000,20264,475504,36000,0,101,631869,0,631869,0
41159,1933,Eagle Pass,First,Maverick,48323,706700,326821,290813,614609,154186,2093129,150000,300000,20611,1460962,150000,0,11556,2093129,0,2093129,0
41161,1933,Eddy,First,McLennan,48309,75403,0,5050,93506,8352,182311,50000,15000,16259,101052,0,0,0,182311,0,182311,0
41162,1933,Edgewood,First,Van Zandt,48467,68086,25000,5223,37544,5358,141211,25000,0,2320,88891,25000,0,0,141211,0,141211,0
41164,1933,El Campo,First,Wharton,48481,192792,215000,45242,354015,20840,827889,100000,50000,30617,548922,98350,0,0,827889,0,827889,0
41169,1933,El Paso,El Paso,El Paso,48141,1573708,1326350,1115553,1194806,49956,5260373,300000,150000,43166,4450452,300000,0,16755,5260373,0,5260373,0
41170,1933,El Paso,State,El Paso,48141,3712877,4560750,947436,3421526,500289,13142878,300000,700000,223479,11592094,300000,0,27305,13142878,0,13142878,0
41165,1933,Eldorado,First,Schleicher,48413,270175,20000,3750,76662,15462,386049,75000,50000,27361,213688,20000,0,0,386049,0,386049,0
41167,1933,Elgin,Elgin,Bastrop,48021,104545,49000,74976,359793,42128,630442,50000,50000,6409,499027,25000,0,6,630442,0,630442,0
41172,1933,Emory,First,Rains,48379,99941,6250,38770,63615,7414,215990,25000,7000,42349,135391,6250,0,0,215990,0,215990,0
42033,1933,Ennis,Citizens,Ellis,48139,164279,257600,65144,293583,19230,799836,50000,2500,3738,693598,50000,0,0,799836,0,799836,0
41175,1933,Evant,First,Coryell,48099,52668,15900,5755,28703,5334,108360,25000,5000,2104,76256,0,0,0,108360,0,108360,0
41176,1933,Fabens,First,El Paso,48141,61830,25456,10936,173229,49651,321102,50000,25000,2759,242538,0,0,805,321102,0,321102,0
41177,1933,Falfurrias,First,Brooks,48047,220730,41000,74042,60618,25196,421586,50000,0,1760,329826,40000,0,0,421586,0,421586,0
41178,1933,Falls City,Falls City,Karnes,48255,36654,38800,1200,68873,10907,156434,25000,11000,3225,99209,18000,0,0,156434,0,156434,0
42049,1933,Farmersville,First,Collin,48085,152197,29154,12716,173382,24527,391976,25000,25000,504,341472,0,0,0,391976,0,391976,0
41180,1933,Fayettesville,Farmers,Fayette,48149,49796,42650,126543,82096,6565,307650,25000,0,2957,254693,25000,0,0,307650,0,307650,0
41182,1933,Floresville,First,Wilson,48493,260110,100200,18696,172240,18144,569390,100000,0,2218,357172,100000,0,10000,569390,0,569390,0
41184,1933,Floydada,First,Floyd,48153,145700,102551,21765,487916,51248,809180,50000,10000,2777,694978,50000,0,1425,809180,0,809180,0
41186,1933,Follett,Follett,Lipscomb,48295,65891,25180,49149,89342,12585,242147,25000,10000,356,181791,25000,0,0,242147,0,242147,0
41188,1933,Forney,Farmers,Kaufman,48257,101560,50000,14685,120130,12280,298655,50000,25000,9775,163880,50000,0,0,298655,0,298655,0
41193,1933,Fort Worth,Stockyards,Tarrant,48439,1505787,3034,118137,939317,114676,2680951,200000,0,108912,2346653,0,0,25386,2680951,0,2680951,0
41191,1933,Fort Worth,Continental,Tarrant,48439,2521616,2114334,758274,3661168,596520,9651912,750000,250000,27526,8624381,0,0,5,9651912,0,9651912,0
41190,1933,Fort Worth,First,Tarrant,48439,9685232,2715262,1296606,10812188,996876,25506164,1500000,300000,184908,23452003,0,0,69253,25506164,0,25506164,0
41192,1933,Fort Worth,Fort Worth,Tarrant,48439,13714336,5887407,4015527,8887503,1573359,34078132,2500000,750000,523927,28701662,1500000,0,102543,34078132,0,34078132,0
41195,1933,Franklin,First,Robertson,48395,141221,99650,16171,69198,8912,335152,50000,50000,1138,183034,50000,0,980,335152,0,335152,0
41902,1933,Fredericksburg,Fredericksburg,Gillespie,48171,84992,231581,82593,191405,3527,594098,50000,10000,8265,525833,0,0,0,594098,0,594098,0
41196,1933,Freeport,Freeport,Brazoria,48039,134822,153250,16883,70415,19618,394988,50000,12500,4230,315758,12500,0,0,394988,0,394988,0
42005,1933,Frost,First,Navarro,48349,20796,10000,3834,63520,2948,101098,40000,0,203,60895,0,0,0,101098,0,101098,0
42041,1933,Gainesville,Lindsay,Cooke,48097,506756,50200,22644,499747,37249,1116596,200000,0,7098,909498,0,0,0,1116596,0,1116596,0
41200,1933,Galveston,First,Galveston,48167,1439173,1824605,532213,444770,62543,4303304,200000,200000,29969,3552785,198750,120000,1800,4303304,0,4303304,0
41201,1933,Galveston,City,Galveston,48167,2953152,500000,1499253,3698879,234813,8886097,200000,200000,67455,8191722,200000,0,26920,8886097,0,8886097,0
41203,1933,Galveston,United States,Galveston,48167,3431577,3777627,1106071,1010893,749493,10075661,1000000,100000,65407,7909048,985180,0,16026,10075661,0,10075661,0
41202,1933,Galveston,South Texas (Huchings-Sealy),Galveston,48167,4495360,420297,827042,2215220,1063554,9021473,750000,250000,179891,7033868,0,0,807714,9021473,0,9021473,0
41205,1933,Garland,State,Dallas,48113,333271,119031,60685,114335,74385,701707,100000,10000,8199,483343,100000,0,165,701707,0,701707,0
41207,1933,Gatesville,Gatesville,Coryell,48099,227458,141000,14335,208494,6337,597624,100000,50000,48185,374189,25250,0,0,597624,0,597624,0
41206,1933,Gatesville,First,Coryell,48099,261820,204472,54245,132585,20710,673832,100000,50000,44789,379006,100000,0,37,673832,0,673832,0
41208,1933,Georgetown,First,Williamson,48491,113733,102750,122443,145471,37187,521584,100000,5000,8197,308291,100000,0,96,521584,0,521584,0
41211,1933,Giddings,First,Lee,48287,79449,97600,4183,153609,16599,351440,60000,40000,15337,221103,15000,0,0,351440,0,351440,0
41213,1933,Gilmer,Farmers and Merchants,Upshur,48459,205814,90000,97546,169150,49313,611823,50000,10000,19320,482503,50000,0,0,611823,0,611823,0
41212,1933,Gilmer,First,Upshur,48459,310053,85000,87583,299847,59870,842353,100000,20000,24014,673272,25000,0,67,842353,0,842353,0
41214,1933,Glen Rose,First,Somervell,48425,37927,1150,63551,29768,5696,138092,25000,0,-57,113149,0,0,0,138092,0,138092,0
41216,1933,Goldthwaite,First,Mills,48333,24366,1000,900,58597,12442,97305,25000,1765,0,70540,0,0,0,97305,0,97305,0
41217,1933,Goliad,First,Goliad,48175,212958,52100,95592,238322,38895,637867,50000,50000,12137,476450,49280,0,0,637867,0,637867,0
41219,1933,Gordon,First,Palo Pinto,48363,95362,6250,1800,54075,10875,168362,50000,9307,0,102805,6250,0,0,168362,0,168362,0
41221,1933,Gorman,First,Eastland,48133,121144,93300,6600,103442,28075,352561,30000,12500,7245,272816,30000,0,0,352561,0,352561,0
41222,1933,Graford,First,Palo Pinto,48363,49887,5800,1050,26919,6099,89755,25000,10000,4859,49896,0,0,0,89755,0,89755,0
41223,1933,Graham,First,Young,48503,261574,112468,185663,109808,64177,733690,100000,60000,5752,540410,25000,0,2528,733690,0,733690,0
41224,1933,Graham,Graham,Young,48503,366475,122300,110077,168587,67949,835388,50000,75000,14804,635584,50000,0,10000,835388,0,835388,0
41225,1933,Granbury,First,Hood,48221,166066,153451,13381,25588,77040,435526,100000,0,6768,228758,100000,0,0,435526,0,435526,0
41227,1933,Grand Saline,State,Van Zandt,48467,77940,135029,128160,348755,26572,716456,50000,25000,17000,575501,48800,0,155,716456,0,716456,0
41228,1933,Grandview,First,Johnson,48251,76612,95000,2400,103103,13000,290115,40000,20000,2317,187798,40000,0,0,290115,0,290115,0
41231,1933,Granger,Granger,Williamson,48491,55873,10000,25998,89408,27414,208693,35000,1000,778,161915,10000,0,0,208693,0,208693,0
41230,1933,Granger,First,Williamson,48491,66616,9000,37703,27054,23220,163593,50000,3000,16141,85452,9000,0,0,163593,0,163593,0
41232,1933,Grapevine,Tarrant Co,Tarrant,48439,58379,100000,22700,109730,10736,301545,50000,11000,3000,187545,50000,0,0,301545,0,301545,0
41233,1933,Greenville,Greenville Nat Exchange,Hunt,48231,763644,532050,475439,1036203,338803,3146139,250000,150000,14782,2519364,200000,0,11993,3146139,0,3146139,0
41234,1933,Gregory,First,San Patricio,48409,45174,6250,1701,143246,2121,198492,25000,30500,275,136426,6250,0,41,198492,0,198492,0
41235,1933,Groesbeck,Citizens,Limestone,48293,67871,15000,89780,43583,18957,235191,50000,2000,0,168191,15000,0,0,235191,0,235191,0
41236,1933,Groom,State,Carson,48065,39338,0,28950,39999,8145,116432,25000,1000,1308,89124,0,0,0,116432,0,116432,0
41237,1933,Groveton,First,Trinity,48455,441851,65000,28457,102797,30039,668144,100000,64639,0,404631,65000,33874,0,668144,0,668144,0
41238,1933,Hale Center,First,Hale,48189,126902,995,900,41456,25340,195593,25000,2500,4824,119746,0,43487,36,195593,0,195593,0
41239,1933,Hallettsville,First,Lavaca,48285,206210,140736,219934,240237,22545,829662,60000,40000,15228,654439,59995,0,0,829662,0,829662,0
41241,1933,Hamilton,Perry,Hamilton,48193,107719,54335,54795,112902,32552,362303,100000,0,2441,259862,0,0,0,362303,0,362303,0
41240,1933,Hamilton,Hamilton,Hamilton,48193,149213,104650,63510,95251,28963,441587,100000,62000,5630,248957,25000,0,0,441587,0,441587,0
41243,1933,Hamlin,Farmers and Merchants,Jones,48253,106186,84724,2810,200695,19391,413806,40000,10000,10374,353432,0,0,0,413806,0,413806,0
41242,1933,Hamlin,First,Jones,48253,108390,84366,3078,214280,24200,434314,40000,10000,2049,343695,38570,0,0,434314,0,434314,0
41244,1933,Handley,First,Tarrant,48439,64536,39269,13900,53623,8478,179806,25000,5000,478,149328,0,0,0,179806,0,179806,0
41245,1933,Harlingen,First,Cameron,48061,164742,127300,124528,180603,71450,668623,50000,0,1685,616938,0,0,0,668623,0,668623,0
41246,1933,Haskell,Haskell,Haskell,48207,158809,45000,14963,282674,50668,552114,60000,0,2796,464318,25000,0,0,552114,0,552114,0
41248,1933,Hebbronville,First,Jim Hogg,48247,142004,90500,125709,112834,20519,491566,75000,55000,5407,281633,73800,0,726,491566,0,491566,0
41904,1933,Henderson,Citizens,Rusk,48401,196209,567800,134665,264844,90744,1254262,100000,50000,1622,1002167,100000,0,473,1254262,0,1254262,0
41250,1933,Henderson,First,Rusk,48401,266209,55000,326817,912578,97599,1658203,50000,50000,477,1507320,50000,0,406,1658203,0,1658203,0
41905,1933,Henrietta,First,Clay,48077,22625,50000,3654,168547,3664,248490,50000,10000,118,188372,0,0,0,248490,0,248490,0
41252,1933,Hereford,First,Deaf Smith,48117,218517,79000,2450,103899,23132,426998,50000,0,37141,273551,50000,16306,0,426998,0,426998,0
41254,1933,Hico,First,Hamilton,48193,41642,291000,6000,160379,2689,501710,50000,50000,28110,373496,0,0,104,501710,0,501710,0
41256,1933,Higgins,First,Lipscomb,48295,127819,6250,7372,119986,16736,278163,25000,7080,0,240193,5890,0,0,278163,0,278163,0
41257,1933,Hillsboro,Citizens,Hill,48217,533634,348875,192480,437031,70848,1582868,200000,20000,4012,1158856,200000,0,0,1582868,0,1582868,0
41259,1933,Holland,First,Bell,48027,72211,31150,27618,128941,19754,279674,50000,10000,6023,206235,6250,0,1166,279674,0,279674,0
41260,1933,Hondo,First,Medina,48325,157083,50600,2852,113518,20444,344497,50000,968,0,221523,50000,20711,1295,344497,0,344497,0
42007,1933,Honey Grove,First,Fannin,48147,147732,175375,58615,218636,20815,621173,50000,10000,18576,490567,50000,0,2030,621173,0,621173,0
41265,1933,Houston,Harrisburg,Harris,48201,103375,60000,60726,76640,25041,325782,50000,10000,14031,231751,20000,0,0,325782,0,325782,0
41271,1933,Houston,Union,Harris,48201,3136654,5519841,1361316,11319274,1085108,22422193,1000000,750000,226510,19377124,1000000,0,68559,22422193,0,22422193,0
41270,1933,Houston,State,Harris,48201,3229230,1496650,197292,2387388,580775,7891335,600000,125000,141419,6279190,600000,0,145726,7891335,0,7891335,0
41266,1933,Houston,Houton,Harris,48201,3468689,1402050,497674,2583244,1364622,9316279,1000000,100000,49919,7265878,875000,0,25482,9316279,0,9316279,0
41269,1933,Houston,South Texas,Harris,48201,7002485,14620000,3473100,11171190,458046,36724821,1500000,500000,319791,32790970,1500000,0,114060,36724821,0,36724821,0
41267,1933,Houston,Nat. Bank of Commerce,Harris,48201,7940853,6308657,2990368,6843995,2281395,26365268,1000000,2000000,893071,21342103,987230,0,142864,26365268,0,26365268,0
41264,1933,Houston,Second,Harris,48201,8321468,6472500,1876731,8080190,463719,25214608,1000000,1000000,150163,22039301,974000,0,51144,25214608,0,25214608,0
42040,1933,Houston,First,Harris,48201,12452961,11651504,1779418,11440697,1719764,39044344,3000000,600000,227687,33135712,2000000,0,80945,39044344,0,39044344,0
41273,1933,Hubbard,First,Hill,48217,182211,50000,9000,227097,37440,505748,50000,100000,55467,250281,50000,0,0,505748,0,505748,0
41274,1933,Hughes Springs,First,Cass,48067,196326,245100,186714,64844,8986,701970,40000,40000,65064,516857,40000,0,49,701970,0,701970,0
41275,1933,Huntsville,First,Walker,48471,109011,110132,271776,145071,10994,646981,50000,15000,24815,507169,50000,0,0,646984,-3,646984,0
41907,1933,Iowa Park,State,Wichita,48485,204678,0,35800,39792,21447,301717,40000,0,664,261042,0,0,11,301717,0,301717,0
41279,1933,Irene,First,Hill,48217,57634,0,4212,17859,5938,85643,25000,0,3512,57109,0,0,22,85643,0,85643,0
41280,1933,Italy,First,Ellis,48139,91567,76192,36057,175845,19260,398921,50000,25000,20935,252986,50000,0,0,398921,0,398921,0
41282,1933,Itasca,First,Hill,48217,205947,51250,12422,201311,39103,510033,50000,40000,11841,358192,50000,0,0,510033,0,510033,0
41284,1933,Jacksboro,First,Jack,48237,114834,50100,112919,51190,26715,355758,50000,0,1762,253898,50000,0,98,355758,0,355758,0
41285,1933,Jacksboro,Jacksboro,Jack,48237,165632,26250,4933,44971,33040,274826,50000,20000,6321,179972,18450,0,83,274826,0,274826,0
41286,1933,Jacksonville,First,Cherokee,48073,464354,110500,148745,587046,36679,1347324,75000,75000,6397,1115927,75000,0,0,1347324,0,1347324,0
41287,1933,Jasper,Citizens,Jasper,48241,119755,25000,30310,27396,27334,229795,25000,20000,300,159495,25000,0,0,229795,0,229795,0
41290,1933,Jefferson,Rogers,Marion,48315,78469,89950,98975,123488,4414,395296,25000,25000,6181,339036,0,0,79,395296,0,395296,0
41292,1933,Karnes City,Karnes County,Karnes,48255,139109,50000,59584,312069,27254,588016,50000,50000,10376,452640,25000,0,0,588016,0,588016,0
41294,1933,Kaufman,Farmers and Merchants,Kaufman,48257,224488,120000,30529,135837,39989,550843,75000,25000,6669,366368,75000,0,2806,550843,0,550843,0
41295,1933,Kemp,First,Kaufman,48257,95302,19300,6545,100036,20263,241446,50000,17000,7780,147916,18750,0,0,241446,0,241446,0
41297,1933,Kenedy,First-Nichols,Karnes,48255,259933,100000,24588,396911,57580,939012,100000,25000,20191,693821,100000,0,0,839012,100000,939012,-100000
42030,1933,Kerens,First,Navarro,48349,183773,25000,3000,213288,23379,448440,50000,50000,1126,322314,25000,0,0,448440,0,448440,0
41300,1933,Kilgore,Kilgore,Gregg,48183,74655,398000,280202,727291,21996,1502144,50000,30000,14980,1360114,47050,0,0,1502144,0,1502144,0
41301,1933,Killeen,First,Bell,48027,42324,50,750,32301,15158,90583,25000,0,3132,62451,0,0,0,90583,0,90583,0
41302,1933,Kingsville,First,Kleberg,48273,68059,72399,34800,72236,7726,255220,50000,10000,1006,144214,50000,0,0,255220,0,255220,0
41307,1933,La Feria,First,Cameron,48061,49446,148438,17783,115749,37476,368892,50000,10000,11143,248049,49700,0,0,368892,0,368892,0
41308,1933,La Grange,First,Fayette,48149,130683,104349,96427,207422,40427,579308,75000,0,24279,418448,60000,0,1581,579308,0,579308,0
41315,1933,La Porte,First,Harris,48201,62379,14720,11980,39542,13352,141973,25000,0,871,116102,0,0,0,141973,0,141973,0
41305,1933,Lacoste,Lacoste,Medina,48325,46002,37850,69886,79580,11425,244743,25000,32000,1889,160854,25000,0,0,244743,0,244743,0
41309,1933,Lakeview,First,Hall,48191,20344,24576,16558,62535,8729,132742,25000,4066,329,78347,25000,0,0,132742,0,132742,0
41311,1933,Lamesa,Lamesa,Dawson,48115,118071,500,34151,110658,29076,292456,50000,15000,3008,224448,0,0,0,292456,0,292456,0
41310,1933,Lamesa,First,Dawson,48115,171246,6250,82379,153303,43551,456729,50000,10000,2474,388005,6250,0,0,456729,0,456729,0
41313,1933,Lampasas,Peoples,Lampasas,48281,139314,32000,7719,79709,8541,267283,50000,0,6599,210684,0,0,0,267283,0,267283,0
41312,1933,Lampasas,First,Lampasas,48281,225680,1800,13047,225230,38574,504331,50000,10000,5844,438487,0,0,0,504331,0,504331,0
41314,1933,Lancaster,First,Dallas,48113,33648,63800,1950,67554,4855,171807,50000,15000,6762,75001,25000,0,44,171807,0,171807,0
41317,1933,Laredo,Laredo,Webb,48479,2276518,214866,194897,429489,374587,3490357,200000,200000,202131,2503532,198770,168252,17672,3490357,0,3490357,0
41319,1933,Leonard,Leonard,Fannin,48147,58577,50000,63073,123528,29024,324202,50000,0,388,223814,50000,0,0,324202,0,324202,0
41320,1933,Levelland,First,Hockley,48219,52708,0,51019,174420,18978,297125,25000,0,2486,269639,0,0,0,297125,0,297125,0
41321,1933,Lewisville,First,Denton,48121,26569,25000,1450,61497,18471,132987,25000,0,2057,80905,25000,0,25,132987,0,132987,0
41322,1933,Liberty,First Liberty,Liberty,48291,191053,195497,103528,114577,65653,670308,75000,7500,7056,580752,0,0,0,670308,0,670308,0
41323,1933,Linden,First,Cass,48067,95221,55700,9931,112487,15153,288492,35000,10000,3811,204681,35000,0,0,288492,0,288492,0
41324,1933,Lipan,First,Hood,48221,41766,25000,4150,20197,12467,103580,25000,5000,0,48580,25000,0,0,103580,0,103580,0
41325,1933,Littlefield,First,Lamb,48279,226566,0,45668,314422,37011,623667,25000,1000,2414,594812,0,0,441,623667,0,623667,0
41326,1933,Livingston,First,Polk,48373,150685,12500,158271,354683,16352,692491,50000,50000,32241,543939,12500,0,3811,692491,0,692491,0
41329,1933,Lockhart,Lockhart,Caldwell,48055,263609,31000,79150,130727,99894,604380,200000,5000,9244,365136,25000,0,0,604380,0,604380,0
41328,1933,Lockhart,First,Caldwell,48055,393446,25000,207727,179733,68737,874643,200000,25000,13031,611612,25000,0,0,874643,0,874643,0
41330,1933,Lockney,First,Floyd,48153,106060,10000,996,41055,7445,165556,25000,0,395,88600,10000,41561,0,165556,0,165556,0
41333,1933,Longview,Rembert,Gregg,48183,332399,524500,552310,1343591,56098,2808898,100000,25000,20758,2563140,100000,0,0,2808898,0,2808898,0
41332,1933,Longview,First,Gregg,48183,858329,757081,595196,1891538,97604,4199748,100000,100000,31140,3862828,100000,0,5780,4199748,0,4199748,0
41336,1933,Lott,Lott,Falls,48145,41452,0,1200,84143,10940,137735,25000,0,2244,110491,0,0,0,137735,0,137735,0
41338,1933,Lovelady,State,Houston,48225,47762,1400,900,133346,1434,184842,25000,4900,1678,153264,0,0,0,184842,0,184842,0
41341,1933,Lubbock,Lubbock,Lubbock,48303,212229,117000,401515,466668,86211,1283623,100000,20000,7255,1056368,100000,0,0,1283623,0,1283623,0
41340,1933,Lubbock,Citizens,Lubbock,48303,607558,100250,77353,878563,123919,1787643,100000,10000,3285,1577058,97300,0,0,1787643,0,1787643,0
41339,1933,Lubbock,First,Lubbock,48303,655315,152150,75434,1058817,147761,2089477,200000,25000,227,1864250,0,0,0,2089477,0,2089477,0
41342,1933,Lufkin,Lufkin,Angelina,48005,649683,98300,98979,574178,115479,1536619,100000,75000,2531,1277344,75000,0,6744,1536619,0,1536619,0
41343,1933,Mabank,First,Kaufman,48257,170102,33000,10952,158073,11878,384006,50000,50000,50476,208530,25000,0,0,384005,1,384006,-1
41344,1933,Madisonville,First,Madison,48313,118382,62263,4833,100304,18097,303879,50000,11000,5244,225135,12500,0,0,303879,0,303879,0
41345,1933,Malakoff,First,Henderson,48213,51292,6260,23425,74987,17751,173715,25000,13000,10719,118736,6260,0,0,173715,0,173715,0
41346,1933,Marfa,Marfa,Presidio,48377,186922,70000,112291,124216,53392,546821,70000,70000,16961,317435,70000,0,2425,546821,0,546821,0
41347,1933,Marlin,First,Falls,48145,132873,102250,122000,387803,15928,760854,100000,50000,21046,489808,100000,0,0,760854,0,760854,0
41352,1933,Marshall,State,Harrison,48203,291525,145000,33445,57191,15210,542371,100000,17000,10139,315122,100000,0,110,542371,0,542371,0
41351,1933,Marshall,Marshall,Harrison,48203,677459,250350,192863,452870,102999,1676541,100000,100000,124065,1240716,100000,0,11760,1676541,0,1676541,0
41350,1933,Marshall,First,Harrison,48203,1027771,383750,424246,566672,108174,2510613,200000,100000,92986,2017378,100000,0,249,2510613,0,2510613,0
41354,1933,Mart,Farmers and Merchants,McLennan,48309,118941,61250,3419,89233,43941,316784,50000,40000,3925,182859,40000,0,0,316784,0,316784,0
41353,1933,Mart,First,McLennan,48309,356753,50000,62591,131359,38874,639577,50000,50000,26012,463565,50000,0,0,639577,0,639577,0
41355,1933,Mason,Mason,Mason,48319,214388,62200,5367,94809,23939,400703,50000,25000,2263,297772,24700,0,968,400703,0,400703,0
41356,1933,Matador,First,Motley,48345,66087,32000,1100,81019,5794,186000,30000,6000,13235,106765,30000,0,0,186000,0,186000,0
41358,1933,May,First,Brown,48049,52172,25000,1050,20964,9936,109122,25000,5000,3963,50579,24580,0,0,109122,0,109122,0
41360,1933,McGregor,First,McLennan,48309,177289,39000,15556,209505,15365,456715,50000,14000,5067,350148,37500,0,0,456715,0,456715,0
41362,1933,McKinney,Collin County,Collin,48085,429585,431050,329532,480362,137964,1808493,150000,30000,7693,1466074,150000,0,4726,1808493,0,1808493,0
41363,1933,McLean,American,Gray,48179,51039,0,6065,42647,19833,119584,25000,0,-1852,96436,0,0,0,119584,0,119584,0
41365,1933,Melissa,Melissa,Collin,48085,19153,75000,16131,87469,6055,203808,25000,10000,1299,142869,24640,0,0,203808,0,203808,0
41366,1933,Melvin,First,McCulloch,48307,77385,0,2603,63482,10040,153510,25000,20000,1828,106682,0,0,0,153510,0,153510,0
41367,1933,Memphis,First,Hall,48191,454137,100000,25816,222584,78160,880697,100000,20000,1650,654561,100000,0,4486,880697,0,880697,0
41370,1933,Menard,Menard,Menard,48327,159157,0,6880,60462,21729,248228,25000,15000,3232,204888,0,0,108,248228,0,248228,0
41371,1933,Mercedes,First,Hidalgo,48215,210814,100000,11111,66103,61679,449707,100000,0,8008,201576,98450,41673,0,449707,0,449707,0
41373,1933,Merkel,Farmers and Merchants,Taylor,48441,118535,38250,2250,343326,20772,523133,50000,10000,3974,452909,6250,0,0,523133,0,523133,0
41374,1933,Mertzon,First,Irion,48235,249317,6250,2250,80373,8542,346732,25000,50000,34945,230537,6250,0,0,346732,0,346732,0
41375,1933,Mesquite,First,Dallas,48113,91903,25000,2200,58553,19254,196910,50000,0,2061,119849,25000,0,0,196910,0,196910,0
41376,1933,Mexia,City,Limestone,48293,46989,409240,231452,447310,115619,1250610,100000,10000,7403,982099,100000,0,51108,1250610,0,1250610,0
41377,1933,Mexia,Prendergast-Smith,Limestone,48293,236489,108756,196372,229064,72023,842704,100000,10000,25000,611204,96500,0,0,842704,0,842704,0
41379,1933,Midland,Midland,Midland,48329,287409,122234,137984,145453,15002,708082,75000,25000,3352,529730,75000,0,0,708082,0,708082,0
41378,1933,Midland,First,Midland,48329,589542,81780,24667,297620,68060,1061669,100000,100000,21029,785640,15000,40000,0,1061669,0,1061669,0
42036,1933,Midlothian,First,Ellis,48139,111738,25200,4300,72707,4576,218521,25000,4000,3238,161283,25000,0,0,218521,0,218521,0
41381,1933,Milford,First,Ellis,48139,29855,1400,12080,88237,4323,135895,25000,4500,1668,104727,0,0,0,135895,0,135895,0
41383,1933,Mineola,First,Wood,48499,198702,50000,131885,224912,34039,639538,75000,25000,499,482789,50000,0,6250,639538,0,639538,0
41385,1933,Mineral Wells,City,Palo Pinto,48363,220186,146800,105812,210197,67366,750361,100000,25000,16420,508941,100000,0,0,750361,0,750361,0
41386,1933,Mineral Wells,State,Palo Pinto,48363,296791,146200,40297,99547,98049,680884,100000,25000,0,455884,100000,0,0,680884,0,680884,0
41387,1933,Mission,First,Hidalgo,48215,215003,25010,34464,47223,35020,356720,50000,0,1711,199305,25000,68311,12393,356720,0,356720,0
41388,1933,Moody,First,McLennan,48309,116300,87500,11100,207433,18665,440998,50000,25000,19108,296890,50000,0,0,440998,0,440998,0
41390,1933,Moran,Moran,Shackelford,48417,44586,0,5471,32474,8333,90864,25000,2500,3018,60281,0,0,65,90864,0,90864,0
42035,1933,Mount Calm,First,Hill,48217,35173,25000,900,64351,4280,129704,25000,5000,1714,72220,25000,0,770,129704,0,129704,0
41392,1933,Mount Pleasant,First,Titus,48449,212081,9550,40895,47812,29661,339999,75000,0,663,264336,0,0,0,339999,0,339999,0
41393,1933,Mount Vernon,First,Franklin,48159,133115,67980,22290,127179,15836,366400,50000,10000,14396,249504,42500,0,0,366400,0,366400,0
42021,1933,Munday,First,Knox,48275,133159,0,1175,400883,13837,549054,25000,1500,3512,519042,0,0,0,549054,0,549054,0
41396,1933,Nacogdoches,Stone Fort,Nacogdoches,48347,718855,132250,188743,399747,40131,1479726,100000,110000,25000,1144726,100000,0,0,1479726,0,1479726,0
41397,1933,Naples,Morris County,Morris,48343,87110,41200,6165,83451,15325,233251,50000,16500,4604,122147,40000,0,0,233251,0,233251,0
41398,1933,Navasota,First,Grimes,48185,373707,130750,171017,409179,66688,1151341,100000,100000,21608,847567,81960,0,206,1151341,0,1151341,0
41401,1933,Nevada,First,Collin,48085,73990,0,4910,15810,29500,124210,25000,11220,0,55470,0,0,32520,124210,0,124210,0
41402,1933,New Boston,First,Bowie,48037,81539,15000,62604,79033,18604,256780,30000,20000,2580,188621,15000,0,579,256780,0,256780,0
41404,1933,New Braunfels,First,Comal,48091,279291,152358,316499,206250,154687,1109085,100000,100000,41617,767468,100000,0,0,1109085,0,1109085,0
41406,1933,Newton,First,Newton,48351,56371,6000,153452,91233,6482,313538,30000,15000,4156,264382,0,0,0,313538,0,313538,0
41407,1933,Nixon,Nixon,Gonzales,48177,19805,0,1404,33233,2616,57058,25000,0,477,31581,0,0,0,57058,0,57058,0
41409,1933,Nocona,Peoples,Montague,48337,112714,96600,1889,118868,17957,348028,50000,1000,867,246161,50000,0,0,348028,0,348028,0
41408,1933,Nocona,Farmers and Merchants,Montague,48337,274726,70100,34500,124934,83198,587458,125000,25000,20,397282,40000,0,156,587458,0,587458,0
41410,1933,Nordheim,First,De Witt,48123,22727,25200,36500,104956,21461,210844,25000,7250,811,177783,0,0,0,210844,0,210844,0
41411,1933,Normangee,First,Leon,48289,43462,30000,5771,49713,17909,146855,25000,5000,289,91566,25000,0,0,146855,0,146855,0
41908,1933,Odessa,First,Ector,48135,49110,28500,31460,94831,2570,206471,25000,5000,2700,148771,25000,0,0,206471,0,206471,0
41415,1933,Odonnell,First,Lynn,48305,32996,0,5824,193362,25748,257930,25000,5000,2300,225630,0,0,0,257930,0,257930,0
41416,1933,Oglesby,First,Coryell,48099,31756,3500,4000,77810,8293,125359,25000,5000,535,94824,0,0,0,125359,0,125359,0
41418,1933,Olney,City,Young,48503,119834,65000,37690,159784,38817,421125,60000,15000,14725,271400,60000,0,0,421125,0,421125,0
41417,1933,Olney,First,Young,48503,144411,95900,211357,278773,41609,772050,50000,50000,30789,591261,50000,0,0,772050,0,772050,0
42031,1933,Orange,First,Orange,48361,292130,309858,463830,338025,68736,1472579,100000,50000,23709,1198323,100000,0,547,1472579,0,1472579,0
41420,1933,Orange,Orange,Orange,48361,498212,325150,324292,1757369,94965,2999988,200000,200000,8047,2539204,50000,0,2737,2999988,0,2999988,0
41421,1933,Ozona,Ozona,Crockett,48105,504112,75000,8492,415825,16680,1020109,100000,25000,52858,767251,75000,0,0,1020109,0,1020109,0
41422,1933,Paducah,First,Cottle,48101,427834,151331,97392,609421,24145,1310123,75000,50000,0,1145123,40000,0,0,1310123,0,1310123,0
41424,1933,Palestine,First,Anderson,48001,114015,75210,22555,188194,28189,428163,75000,25000,919,252244,75000,0,0,428163,0,428163,0
41425,1933,Palestine,East Texas,Anderson,48001,173898,326800,207133,452724,35583,1196138,150000,50000,16800,825131,150000,0,4207,1196138,0,1196138,0
41426,1933,Palestine,Royall,Anderson,48001,589250,189246,152315,695635,61021,1687467,100000,200000,5577,1281890,100000,0,0,1687467,0,1687467,0
41427,1933,Pampa,First,Gray,48179,1032451,226860,135909,504071,81883,1981174,50000,50000,14134,1860780,6260,0,0,1981174,0,1981174,0
41429,1933,Panhandle,First,Carson,48065,137913,1020,4750,142760,9656,296099,50000,1000,594,244505,0,0,0,296099,0,296099,0
42011,1933,Paris,Liberty,Lamar,48277,396394,34100,155698,197256,90081,873529,100000,0,5146,768362,0,0,21,873529,0,873529,0
41431,1933,Paris,First,Lamar,48277,1150185,307850,630418,360950,246123,2695526,450000,0,2455,1943071,300000,0,0,2695526,0,2695526,0
41436,1933,Pecos,First,Reeves,48389,143770,117750,19949,213818,3464,498751,50000,25000,4981,368655,50000,0,115,498751,0,498751,0
41437,1933,Perrin,First,Jack,48237,45652,0,1150,56716,5664,109182,25000,12500,374,71308,0,0,0,109182,0,109182,0
41439,1933,Perryton,Perryton,Ochiltree,48357,25003,25200,9416,50444,5535,115598,25000,5000,140,85458,0,0,0,115598,0,115598,0
41438,1933,Perryton,First,Ochiltree,48357,189436,19485,10350,45506,8531,273308,30000,30000,2474,135284,7500,67933,117,273308,0,273308,0
41442,1933,Pilot Point,Pilot Point,Denton,48121,103781,70000,99292,56397,16568,346038,60000,20000,10284,240468,15200,0,86,346038,0,346038,0
41444,1933,Pittsburg,Pittsburg,Camp,48063,189330,50050,11289,18286,24759,293714,50000,0,3120,190543,50000,0,51,293714,0,293714,0
42015,1933,Plano,First,Collin,48085,166088,90500,78690,83549,33056,451883,50000,10000,6200,335683,50000,0,0,451883,0,451883,0
42023,1933,Pleasanton,First,Atascosa,48013,80497,26664,22181,93050,9447,231839,25000,5000,675,201164,0,0,0,231839,0,231839,0
41451,1933,Port Arthur,Merchants,Jefferson,48245,1131403,470527,153761,914862,191593,2862146,100000,200000,147577,2412270,0,0,2299,2862146,0,2862146,0
41450,1933,Port Arthur,First,Jefferson,48245,1322284,376796,336171,1357493,373047,3765791,100000,400000,125951,3034975,100000,0,4865,3765791,0,3765791,0
41452,1933,Port Neches,First,Jefferson,48245,189277,25000,26852,96424,14575,352128,25000,15000,6015,281113,25000,0,0,352128,0,352128,0
41453,1933,Post,First,Garza,48169,228855,120000,55176,405815,27784,837630,50000,0,3744,733886,50000,0,0,837630,0,837630,0
41455,1933,Poth,First,Wilson,48493,53369,16250,28958,68811,12185,179573,25000,5000,1431,131892,16250,0,0,179573,0,179573,0
41456,1933,Purdon,First,Navarro,48349,34019,0,1050,29599,11623,76291,25000,0,-217,51385,0,123,0,76291,0,76291,0
41458,1933,Quanah,Security,Hardeman,48197,102467,19829,28925,390839,29037,571098,50000,50000,1698,469400,0,0,0,571097,1,571098,-1
41457,1933,Quanah,First,Hardeman,48197,240850,173636,36744,364288,52455,867973,100000,34000,2114,683059,48800,0,0,867973,0,867973,0
41459,1933,Quitaque,First,Briscoe,48045,61614,0,900,228182,31008,321704,25000,5000,17985,273719,0,0,0,321704,0,321704,0
41460,1933,Quitman,Texas,Wood,48499,92436,100,60320,89975,17616,260447,50000,25000,2427,183020,0,0,0,260447,0,260447,0
41462,1933,Raymondville,First,Willacy,48489,140356,0,29212,31783,8540,209891,50000,5000,3788,146096,0,5007,0,209891,0,209891,0
41463,1933,Reagan,First,Falls,48145,63401,2500,11730,45772,2162,125565,25000,25000,4500,71065,0,0,0,125565,0,125565,0
41464,1933,Refugio,First,Refugio,48391,196011,642856,204669,615800,29625,1688961,100000,50000,15926,1522803,0,0,232,1688961,0,1688961,0
41465,1933,Rhome,First,Wise,48497,32127,0,750,66421,5971,105269,25000,0,1202,79026,0,0,41,105269,0,105269,0
41466,1933,Richland,First,Navarro,48349,36730,50,15321,207381,6617,266099,30000,30000,3822,202277,0,0,0,266099,0,266099,0
41468,1933,Richmond,Fort Bend,Fort Bend,48157,9137,61039,29846,100395,4338,204755,25000,1750,316,177689,0,0,0,204755,0,204755,0
41467,1933,Richmond,First,Fort Bend,48157,82068,113150,228892,390912,2078,817100,50000,50000,37482,654618,25000,0,0,817100,0,817100,0
41473,1933,Robstown,State,Nueces,48355,172869,0,28155,130185,25637,356846,50000,15000,12241,279605,0,0,0,356846,0,356846,0
41474,1933,Rochelle,Rochelle,McCulloch,48307,41000,0,250,4000,6750,52000,25000,90,0,24000,0,0,2910,52000,0,52000,0
41476,1933,Rockport,First,Aransas,48007,36681,26000,65446,48793,12590,189510,25000,5000,1478,133032,25000,0,0,189510,0,189510,0
42000,1933,Rockwall,First,Rockwall,48397,110360,27400,12775,76860,22896,250291,25000,0,1136,199155,25000,0,0,250291,0,250291,0
41479,1933,Rogers,First,Bell,48027,53026,100000,117205,97760,21942,389933,50000,20000,654,269279,50000,0,0,389933,0,389933,0
41481,1933,Rosebud,First,Falls,48145,166450,41000,25500,152590,25226,410766,50000,30000,1226,289540,40000,0,0,410766,0,410766,0
41482,1933,Rosebud,Planters,Falls,48145,395610,22500,17824,106510,4940,547384,50000,50000,468,433705,12500,0,711,547384,0,547384,0
41483,1933,Rosenberg,First,Fort Bend,48157,74248,48000,38852,169994,18030,349124,25000,10000,1907,312103,0,0,114,349124,0,349124,0
41484,1933,Rotan,First,Fisher,48151,109957,12500,8358,273580,15529,419924,30000,5000,9857,362567,12500,0,0,419924,0,419924,0
41485,1933,Rowena,First,Runnels,48399,215494,51743,2100,111367,10418,391122,35000,35000,1640,319482,0,0,0,391122,0,391122,0
41486,1933,Roxton,First,Lamar,48277,91510,20000,1800,30398,12662,156370,30000,0,1103,105267,20000,0,0,156370,0,156370,0
42008,1933,Saint Jo,Citizens,Montague,48337,52867,15000,5209,57071,6898,137045,25000,0,248,111797,0,0,0,137045,0,137045,0
41490,1933,Saint Jo,First,Montague,48337,94355,30050,5620,129439,26696,286160,30000,15000,1326,209834,30000,0,0,286160,0,286160,0
41492,1933,San Angelo,First,Tom Green,48451,1147813,440900,64470,593634,108190,2355007,250000,250000,68332,1626675,160000,0,0,2355007,0,2355007,0
42024,1933,San Angelo,San Angelo,Tom Green,48451,1282087,0,363453,579669,140186,2365395,400000,60000,4406,1887821,0,0,13168,2365395,0,2365395,0
41493,1933,San Angelo,Central,Tom Green,48451,1667778,505000,438825,1544467,246755,4402825,500000,250000,257602,2900121,494600,0,502,4402825,0,4402825,0
41910,1933,San Antonio,Fort Sam Houston,Bexar,48029,108252,153160,177439,178745,12686,630282,100000,5500,3928,416504,100000,0,4350,630282,0,630282,0
41500,1933,San Antonio,San Antonio,Bexar,48029,795571,432000,88187,2570114,249544,4135416,500000,62000,11016,3187241,362890,0,12269,4135416,0,4135416,0
41498,1933,San Antonio,Groos,Bexar,48029,1252706,295200,282935,1116766,408517,3356124,350000,50000,20021,2686103,250000,0,0,3356124,0,3356124,0
41495,1933,San Antonio,Alamo,Bexar,48029,3573672,3254531,994082,2581034,2160789,12564108,2000000,500000,195800,8779000,983200,0,106108,12564108,0,12564108,0
41499,1933,San Antonio,National Bank of Commerce,Bexar,48029,3906190,2903541,1122609,3274916,702371,11909627,600000,400000,182979,10084898,600000,0,41750,11909627,0,11909627,0
41497,1933,San Antonio,Frost,Bexar,48029,4971450,8498400,2071394,6084247,1394087,23019578,1200000,800000,118732,19589767,1200000,0,111079,23019578,0,23019578,0
41501,1933,San Augustine,First,San Augustine,48405,268324,16250,120268,156140,25313,586295,65000,35000,7478,462887,15930,0,0,586295,0,586295,0
41504,1933,San Marcos,First,Hays,48209,124239,61400,37285,158396,56145,437465,60000,0,4580,282536,60000,0,30349,437465,0,437465,0
41506,1933,San Saba,San Saba,San Saba,48411,137458,0,2701,49840,17545,207544,50000,5000,2702,149842,0,0,0,207544,0,207544,0
41505,1933,San Saba,City,San Saba,48411,211974,0,47520,90982,16458,366934,100000,0,7441,259344,0,0,149,366934,0,366934,0
41502,1933,Sanger,First,Denton,48121,118859,25000,1800,25951,15445,187055,30000,10000,176,121807,25000,0,72,187055,0,187055,0
41911,1933,Santa Anna,Santa Anna,Coleman,48083,101797,8450,1800,173474,15894,301415,50000,10000,14476,226939,0,0,0,301415,0,301415,0
41507,1933,Santo,First,Palo Pinto,48363,46158,35000,5630,29206,5436,121430,25000,3500,206,67283,25000,0,441,121430,0,121430,0
41510,1933,Schulenburg,First,Fayette,48149,157017,29650,32750,222876,21956,464249,25000,35000,9442,369731,25000,0,76,464249,0,464249,0
41511,1933,Schwertner,First,Williamson,48491,45450,47750,1344,37554,4980,137078,25000,5000,2353,78475,25000,0,1250,137078,0,137078,0
41512,1933,Seguin,First,Guadalupe,48187,192620,50000,175791,157959,34472,610842,50000,20000,4318,486524,50000,0,0,610842,0,610842,0
41514,1933,Seymour,Farmers,Baylor,48023,229140,22500,23889,159608,59005,494142,50000,0,10271,421371,12500,0,0,494142,0,494142,0
41513,1933,Seymour,First,Baylor,48023,247292,30075,9390,89489,71549,447795,75000,0,7354,340441,25000,0,0,447795,0,447795,0
41515,1933,Shamrock,First,Wheeler,48483,203484,0,2588,214827,48299,469198,25000,30000,12793,401301,0,0,104,469198,0,469198,0
41516,1933,Sherman,Merchants and Planters,Grayson,48181,2144324,1136324,290999,1415630,400563,5387840,800000,200000,22009,3941220,399997,0,24614,5387840,0,5387840,0
41517,1933,Shiner,First,Lavaca,48285,121569,40000,205778,544633,20319,932299,50000,75000,17651,749628,40000,0,20,932299,0,932299,0
41520,1933,Snyder,Snyder,Scurry,48415,325831,98461,36534,563504,75400,1099730,100000,25000,11605,923125,40000,0,0,1099730,0,1099730,0
41521,1933,Sonora,First,Sutton,48435,459230,100000,47224,117046,41309,764809,100000,100000,22602,442207,100000,0,0,764809,0,764809,0
41522,1933,Sour Lake,Citizens,Hardin,48199,99197,99296,45272,68445,10769,322979,50000,10000,10056,202923,50000,0,0,322979,0,322979,0
41523,1933,Spearman,First,Hansford,48195,14933,30000,11577,45887,5138,107535,25000,5000,394,77141,0,0,0,107535,0,107535,0
41525,1933,Spur,Spur,Dickens,48125,314120,0,144390,38640,49150,546300,100000,22230,0,339740,0,0,84330,546300,0,546300,0
42026,1933,Stamford,First,Jones,48253,217689,85557,3750,195397,37184,539577,50000,0,6569,433008,50000,0,0,539577,0,539577,0
41527,1933,Stanton,First,Martin,48317,160031,25000,4030,73154,15425,277640,25000,50000,350,177290,25000,0,0,277640,0,277640,0
41529,1933,Stephenville,Farmers First,Erath,48143,215420,363200,138837,201207,35032,953696,100000,20000,52467,679429,98300,0,3500,953696,0,953696,0
41530,1933,Sterling City,First,Sterling,48431,297651,15000,4800,239151,10196,566798,60000,100000,42894,348904,15000,0,0,566798,0,566798,0
41532,1933,Strawn,First,Palo Pinto,48363,95302,52594,14475,98202,16682,277255,50000,0,941,213814,12500,0,0,277255,0,277255,0
41533,1933,Strawn,Strawn,Palo Pinto,48363,107229,90629,87030,69658,37110,391656,50000,0,10250,282606,48800,0,0,391656,0,391656,0
41534,1933,Streetman,First,Freestone,48161,11830,26450,24865,94267,2212,159624,25000,20000,5317,109307,0,0,0,159624,0,159624,0
41535,1933,Sudan,First,Lamb,48279,279173,45000,900,144834,12297,482204,25000,5000,12124,415080,25000,0,0,482204,0,482204,0
42029,1933,Sulphur Springs,First,Hopkins,48223,109184,50000,119754,121550,28990,429478,50000,25000,5916,298562,50000,0,0,429478,0,429478,0
41537,1933,Sulphur Springs,City,Hopkins,48223,349210,106650,204998,571819,40827,1273504,100000,20000,183512,869992,100000,0,0,1273504,0,1273504,0
41542,1933,Taft,First,San Patricio,48409,37779,101594,2200,156699,5786,304058,62500,9500,794,181202,50000,0,62,304058,0,304058,0
41543,1933,Tahoka,First,Lynn,48305,82575,30000,16000,866368,23045,1017988,50000,25000,10945,919543,12500,0,0,1017988,0,1017988,0
41545,1933,Taylor,City,Williamson,48491,339641,102350,118350,326747,50875,937963,100000,50000,8519,679444,100000,0,0,937963,0,937963,0
41544,1933,Taylor,First,Williamson,48491,508062,164394,303835,594311,100376,1670978,150000,30000,1609,1339002,150000,0,367,1670978,0,1670978,0
41548,1933,Teague,Teague,Freestone,48161,75774,260997,237151,92355,35077,701354,60000,40000,11260,530094,60000,0,0,701354,0,701354,0
41547,1933,Teague,First,Freestone,48161,203464,260287,163854,197330,21511,846446,50000,50000,137023,559423,50000,0,0,846446,0,846446,0
42046,1933,Temple,First,Bell,48027,368089,208960,243430,224240,42036,1086755,200000,20000,5010,861745,0,0,0,1086755,0,1086755,0
41552,1933,Terrell,American,Kaufman,48257,1020939,394700,782145,644271,83755,2925810,200000,200000,38382,2287196,196850,0,3382,2925810,0,2925810,0
41554,1933,Texarkana,Texarkana,Bowie,48037,2355835,1487965,1176119,1662694,527497,7210110,500000,100000,53038,6294482,250000,0,12590,7210110,0,7210110,0
41556,1933,Texas City,Texas City,Galveston,48167,91665,110825,81385,256186,3797,543858,50000,25000,9756,424762,34340,0,0,543858,0,543858,0
41558,1933,Thornton,First,Limestone,48293,95298,42550,59820,151441,8504,357613,50000,50000,17795,214818,25000,0,0,357613,0,357613,0
41559,1933,Throckmorton,First,Throckmorton,48447,191954,60458,58891,120016,25383,456702,75000,10000,5673,316029,50000,0,0,456702,0,456702,0
41560,1933,Tom Bean,First,Grayson,48181,74883,35769,1609,20972,6465,139698,25000,10000,0,79698,25000,0,0,139698,0,139698,0
41561,1933,Trenton,First,Fannin,48147,51289,23200,44500,79249,20731,218969,40000,30000,1466,137503,10000,0,0,218969,0,218969,0
42042,1933,Trinity,Trinity,Trinity,48455,78013,7500,23978,53106,19476,182073,27500,4174,0,143199,7200,0,0,182073,0,182073,0
41563,1933,Troup,First,Smith,48423,131131,41067,123700,105058,19632,420588,25000,25000,0,345588,25000,0,0,420588,0,420588,0
41564,1933,Tulia,First,Swisher,48437,250760,50000,5100,75288,28349,409497,50000,10000,5660,293837,50000,0,0,409497,0,409497,0
41567,1933,Tyler,Peoples,Smith,48423,520891,705275,529287,832782,406555,2994790,250000,125000,33582,2483452,100000,0,2756,2994790,0,2994790,0
41566,1933,Tyler,Citizens,Smith,48423,1280704,674978,565786,1514142,525183,4560793,250000,250000,255033,3562200,243560,0,0,4560793,0,4560793,0
42037,1933,Valley Mills,First,Bosque,48035,78656,0,10533,80034,9411,178634,25000,5000,39,148595,0,0,0,178634,0,178634,0
41570,1933,Valley View,First,Cooke,48097,56721,25803,1050,40110,11957,135641,25000,10000,2104,73872,24640,0,25,135641,0,135641,0
41571,1933,Valley View,Valley View,Cooke,48097,60532,26688,18429,16541,3161,125351,25000,2750,3908,93693,0,0,0,125351,0,125351,0
41572,1933,Van Alstyne,First,Grayson,48181,105979,149668,52610,195303,17801,521361,50000,30000,23032,396579,18750,0,3000,521361,0,521361,0
41575,1933,Vernon,Waggoner,Wilbarger,48487,343071,206300,96922,996017,90164,1732474,100000,60000,9628,1462846,100000,0,0,1732474,0,1732474,0
41574,1933,Vernon,Herring,Wilbarger,48487,441319,130011,55608,654404,58503,1339845,125000,25000,38618,1026227,125000,0,0,1339845,0,1339845,0
41577,1933,Victoria,Victoria,Victoria,48469,1167136,802850,422421,1353582,208441,3954430,500000,200000,87914,2656240,500000,0,10276,3954430,0,3954430,0
41581,1933,Waco,National City,McLennan,48309,138436,252050,101166,231249,117673,840574,100000,50000,38425,549866,99995,0,2288,840574,0,840574,0
41579,1933,Waco,Citizens,McLennan,48309,2391548,2734300,748959,1586667,265955,7727429,250000,150000,105374,6976255,245800,0,0,7727429,0,7727429,0
41578,1933,Waco,First,McLennan,48309,4597391,1960754,2157989,3305930,401090,12423154,1000000,200000,82058,10139621,1000000,0,1475,12423154,0,12423154,0
42009,1933,Waxahachie,Citizens,Ellis,48139,601397,153000,349800,343131,101959,1549287,150000,30000,41000,1178287,150000,0,0,1549287,0,1549287,0
41584,1933,Weatherford,Citizens,Parker,48367,481542,100000,70472,109738,54476,816228,100000,25000,15612,575616,100000,0,0,816228,0,816228,0
41583,1933,Weatherford,First,Parker,48367,554891,105050,102327,130272,51235,943775,100000,75000,19048,649727,100000,0,0,943775,0,943775,0
41585,1933,Wellington,First,Collingsworth,48087,114178,25000,28548,129733,19537,316996,25000,6000,0,260996,25000,0,0,316996,0,316996,0
41586,1933,Wellington,City,Collingsworth,48087,373350,0,39930,129110,14440,556830,100000,125230,0,331600,0,0,0,556830,0,556830,0
41587,1933,Weslaco,First,Hidalgo,48215,52274,25000,20953,59324,29355,186906,25000,0,1459,135447,25000,0,0,186906,0,186906,0
41589,1933,West,State,McLennan,48309,110830,10150,1800,91578,8326,222684,50000,0,5917,166767,0,0,0,222684,0,222684,0
41590,1933,Wheeler,First,Wheeler,48483,53288,0,900,33023,12054,99265,25000,0,257,74008,0,0,0,99265,0,99265,0
41592,1933,Whitesboro,Whitesboro,Grayson,48181,180837,50000,95515,141613,23923,491888,50000,10000,3300,378588,50000,0,0,491888,0,491888,0
41593,1933,Whitewright,First,Grayson,48181,181386,181850,183064,203414,24969,774683,100000,75000,5000,494683,100000,0,0,774683,0,774683,0
42028,1933,Whitney,First,Hill,48217,52392,25000,6179,145802,10472,239845,25000,5000,5371,179474,25000,0,0,239845,0,239845,0
41913,1933,Wichita Falls,Wichita,Wichita,48485,905455,367781,65014,964418,57503,2360171,200000,40000,10398,1909563,200000,0,210,2360171,0,2360171,0
42032,1933,Wichita Falls,City,Wichita,48485,2398378,1444351,182307,1186401,199806,5411243,800000,0,43588,4167655,400000,0,0,5411243,0,5411243,0
41596,1933,Wichita Falls,First,Wichita,48485,2793975,2042843,512999,3823606,474834,9648257,1000000,200000,7473,7417593,1000000,0,23191,9648257,0,9648257,0
41599,1933,Wills Point,First,Van Zandt,48467,344333,15100,8205,326179,12982,706799,50000,10000,9445,624644,12500,0,210,706799,0,706799,0
41602,1933,Windom,First,Fannin,48147,33151,16400,31784,57919,9622,148876,40000,2500,457,105919,0,0,0,148876,0,148876,0
41603,1933,Winnsboro,First,Wood,48499,214476,137000,98902,356685,16854,823917,100000,100000,30979,542938,50000,0,0,823917,0,823917,0
41604,1933,Winters,First,Runnels,48399,35950,50602,1500,97880,20312,206244,40000,10000,942,155127,0,0,175,206244,0,206244,0
41605,1933,Wolfe City,Wolfe City,Hunt,48231,56832,25000,64941,88530,21509,256812,25000,10000,1323,195489,25000,0,0,256812,0,256812,0
41606,1933,Woodsboro,First,Refugio,48391,100095,100,26027,223047,15093,364362,25000,5000,918,333444,0,0,0,364362,0,364362,0
41607,1933,Wortham,First,Freestone,48161,130946,100000,3438,98370,21358,354112,60000,15000,7678,211434,60000,0,0,354112,0,354112,0
41608,1933,Yoakum,Yoakum,Lavaca,48285,348824,154750,199781,363761,101024,1168140,100000,50000,17388,900601,100000,0,151,1168140,0,1168140,0
41609,1933,Yorktown,First,De Witt,48123,189257,74250,70949,276993,34434,645883,50000,40000,27016,477412,49995,0,1460,645883,0,645883,0
